region,test_rows,test_fire_days,positive_rate,accuracy,precision,recall,f1_score,auc_roc,avg_precision,false_negative_rate,alert_accuracy,alert_recall,alert_precision,ap_over_base_rate,recall_top10pct,lift_top10pct,alert_precision_lift
All states (pooled),166576,72401,0.4346,0.8001,0.7451,0.8212,0.7813,0.8889,0.8551,0.1788,0.8029,0.7724,0.7737,1.97,0.2198,2.2,1.78
Uttarakhand,6342,2070,0.3264,0.8026,0.6751,0.7618,0.7158,0.8852,0.7649,0.2382,0.8114,0.6995,0.7161,2.34,0.2633,2.63,2.19
Himachal Pradesh,7248,1618,0.2232,0.8525,0.6625,0.6916,0.6767,0.9077,0.7159,0.3084,0.8539,0.6174,0.6942,3.21,0.3523,3.52,3.11
Odisha,18980,7836,0.4129,0.826,0.7673,0.8303,0.7975,0.914,0.8807,0.1697,0.8304,0.7889,0.798,2.13,0.2357,2.36,1.93
Chhattisgarh,17550,9615,0.5479,0.79,0.7835,0.852,0.8163,0.8716,0.8923,0.148,0.7915,0.8124,0.808,1.63,0.1786,1.79,1.47
Madhya Pradesh,32184,14393,0.4472,0.7837,0.7592,0.7561,0.7577,0.8611,0.8432,0.2439,0.7845,0.7051,0.7904,1.89,0.2149,2.15,1.77
Maharashtra,32045,18492,0.5771,0.7464,0.7366,0.8726,0.7989,0.8247,0.8582,0.1274,0.7496,0.8234,0.7619,1.49,0.1653,1.65,1.32
Andhra Pradesh / Telangana,34560,13308,0.3851,0.8268,0.7355,0.8592,0.7925,0.9164,0.8554,0.1408,0.83,0.8092,0.7635,2.22,0.2441,2.44,1.98
Assam,17667,5069,0.2869,0.8354,0.7137,0.7118,0.7128,0.8968,0.7916,0.2882,0.8377,0.6585,0.7459,2.76,0.3147,3.15,2.6
