percentile,fwi
0,0.2473545151412351
1,1.4744603069337556
2,2.5974550965535763
3,3.435869058790036
4,4.096680513196674
5,4.88175218619021
6,5.488234185347711
7,6.035492801184246
8,6.4968285321594665
9,6.904851958945804
10,7.245030842373305
11,7.71879546048008
12,8.169214662810933
13,8.70014561641878
14,9.387108572566817
15,10.24518240944482
16,11.22216145620863
17,12.004358282067887
18,12.291137291496351
19,12.540872852857069
20,12.71508536422542
21,12.880512894050396
22,12.97513611182296
23,13.143125989707269
24,13.25275815870621
25,13.323154406091838
26,13.455458069792268
27,13.56402388084197
28,13.682706334080589
29,13.794612445101844
30,13.89033975599552
31,13.992400120578964
32,14.11190046054675
33,14.221840922852198
34,14.326758724376228
35,14.416307878911448
36,14.559244370544054
37,14.662499613386863
38,14.78288457507782
39,14.88064590464919
40,14.95697884046101
41,15.069732973540328
42,15.172539279133032
43,15.268943673581267
44,15.37334970215482
45,15.451372465873352
46,15.55526045023639
47,15.654148221692534
48,15.747495984739055
49,15.859217310942087
50,15.96112527232645
51,16.08910887323383
52,16.169881400005192
53,16.277555022961803
54,16.374809664081177
55,16.468814360293827
56,16.55896626348643
57,16.66060423361054
58,16.75247632286813
59,16.874595734200195
60,16.995554167413214
61,17.12123883076867
62,17.279823325712773
63,17.407307775911292
64,17.505736917538304
65,17.64158438304761
66,17.76266658864137
67,17.88283748203288
68,18.013180021137597
69,18.167437256428013
70,18.32472025213817
71,18.44691413664148
72,18.645899642524903
73,18.82028237950881
74,18.99156054056297
75,19.166508160701387
76,19.364308802811696
77,19.55197329278564
78,19.803729674073537
79,20.04932978230813
80,20.27759153451342
81,20.489092432749967
82,20.73330462426202
83,21.06785751865342
84,21.38158043625785
85,21.661969125830662
86,21.96758578056264
87,22.27358241724031
88,22.67860620472028
89,23.10803502469552
90,23.5660638612404
91,24.029219872568586
92,24.53008083411893
93,25.19510110069002
94,25.801940656813876
95,26.49525698255603
96,27.61200944714391
97,28.80991548006365
98,30.216750929304613
99,32.51696366875751
100,40.78310361391796
