latitude,longitude
15.175,76.681
15.118,76.811
15.168,76.671
15.17,76.382
15.174,76.655
15.174,76.68
15.174,76.378
15.177,76.656
15.177,76.681
15.178,76.652
15.179,77.103
15.179,76.665
15.182,76.644
15.186,76.641
15.188,76.654
15.225,76.766
15.226,76.762
15.334,76.286
15.335,76.278
15.339,76.278
15.178,76.679
15.168,76.668
15.171,76.666
15.171,76.378
15.174,76.659
15.174,76.654
15.176,76.661
15.177,77.104
15.177,76.651
15.182,76.652
15.183,76.642
15.225,76.764
15.074,76.865
15.169,76.377
15.172,76.656
15.174,76.658
15.174,76.653
15.177,76.677
15.179,76.675
15.179,76.656
15.179,77.101
15.181,76.654
15.172,76.66
15.175,76.376
15.175,76.661
15.177,76.655
15.178,76.681
15.178,76.662
15.18,76.655
15.174,76.681
15.07,76.868
15.071,76.865
15.119,76.81
15.173,76.38
15.175,76.659
15.175,76.656
15.176,76.681
15.176,76.653
15.178,76.666
15.179,76.663
15.18,77.103
15.185,76.658
15.186,76.655
15.226,76.763
15.174,76.66
15.196,76.379
15.168,76.379
15.171,76.686
15.172,76.38
15.172,76.658
15.172,76.375
15.176,76.682
15.176,76.658
15.177,76.654
15.185,76.651
15.334,76.285
15.071,76.866
15.119,76.811
15.167,76.675
15.17,76.381
15.173,76.378
15.173,76.657
15.174,76.679
15.177,76.658
15.177,76.68
15.178,76.673
15.179,77.104
15.186,76.644
15.186,77.101
15.336,76.279
15.119,76.812
15.168,76.378
15.172,76.379
15.173,76.668
15.174,76.656
15.175,76.68
15.178,77.104
15.178,76.657
15.179,76.653
15.185,76.641
15.224,76.763
15.333,76.288
15.071,76.864
15.072,76.866
15.136,76.707
15.172,76.376
15.174,76.678
15.176,76.657
15.177,76.653
15.181,77.102
15.184,76.642
15.336,76.286
15.337,76.279
15.171,76.685
15.172,76.682
15.173,76.379
15.178,76.683
15.178,76.655
15.178,76.665
15.181,76.668
15.182,76.664
15.183,76.666
15.178,76.656
15.184,76.643
15.138,76.71
15.168,76.381
15.172,76.686
15.172,76.659
15.172,76.378
15.173,76.655
15.176,76.659
15.177,76.679
15.178,77.102
15.178,76.675
15.185,76.657
15.07,76.867
15.166,76.673
15.169,76.379
15.173,76.376
15.175,76.682
15.176,76.678
15.176,76.656
15.176,76.674
15.176,76.652
15.179,76.674
15.18,76.653
15.182,76.656
15.189,76.654
15.196,76.38
15.226,76.764
15.333,76.286
15.117,76.813
15.168,76.38
15.169,76.686
15.173,76.375
15.175,76.677
15.178,76.653
15.179,77.102
15.183,76.644
15.07,76.864
15.072,76.864
15.135,76.707
15.173,76.786
15.173,76.654
15.176,76.676
15.178,76.654
15.183,76.79
15.334,76.284
15.121,76.811
15.172,76.377
15.175,76.375
15.179,76.677
15.171,76.377
15.073,76.867
15.174,76.683
15.175,76.654
15.175,76.679
15.338,76.28
15.12,76.813
15.137,76.71
15.168,76.672
15.169,76.664
15.172,76.668
15.173,76.665
15.174,76.657
15.174,76.379
15.175,76.653
15.175,76.66
15.177,76.652
15.177,76.657
15.179,76.657
15.195,76.379
15.333,76.285
15.338,76.278
15.073,76.865
15.147,76.71
15.17,76.379
15.172,76.665
15.177,76.678
15.182,76.646
15.225,76.763
15.334,76.287
15.072,76.865
15.171,76.786
15.177,76.682
15.07,76.865
15.176,76.679
15.169,76.378
15.176,76.379
15.179,76.678
15.118,76.812
15.174,76.375
15.175,76.657
15.176,76.654
15.179,76.664
15.181,76.655
15.185,76.659
15.199,76.381
15.172,76.664
15.224,76.765
15.17,76.665
15.17,76.383
15.17,76.684
15.171,76.661
15.178,77.105
15.179,76.658
15.181,76.667
15.182,76.791
15.185,76.645
15.186,76.659
15.227,76.764
15.17,76.668
15.171,76.664
15.172,76.669
15.173,76.662
15.176,76.662
15.148,76.709
15.167,76.381
15.167,76.672
15.172,76.684
15.173,76.787
15.176,76.68
15.182,76.667
15.186,76.66
15.224,76.762
15.169,76.669
15.17,76.661
15.177,76.674
15.18,76.654
15.184,76.651
15.226,76.76
15.335,76.286
15.169,76.38
15.17,76.376
15.176,76.377
15.071,76.867
15.174,76.652
15.181,76.664
15.182,76.666
15.224,76.761
15.069,76.869
15.137,76.708
15.169,76.668
15.171,76.684
15.175,76.658
15.188,76.656
15.197,76.378
15.226,76.761
15.172,76.666
15.186,76.639
15.074,76.866
15.169,76.382
15.169,76.672
15.17,76.664
15.171,76.683
15.174,76.665
15.174,76.661
15.174,76.787
15.178,76.658
15.179,76.655
15.179,76.673
15.18,76.666
15.333,76.284
15.138,76.707
15.168,76.382
15.173,76.377
15.18,76.652
15.226,76.766
15.227,76.761
15.173,76.682
15.069,76.866
15.074,76.864
15.12,76.81
15.137,76.709
15.174,76.662
15.175,76.655
15.175,76.652
15.18,76.656
15.181,76.791
15.336,76.285
15.18,76.667
15.169,76.666
15.185,76.655
15.185,76.644
15.227,76.763
13.896,76.564
15.148,76.711
15.149,76.711
15.152,76.712
15.169,76.673
15.17,76.669
15.175,76.678
15.179,76.654
15.184,76.646
15.332,76.287
15.17,76.38
15.172,76.788
15.338,76.279
15.075,76.864
15.174,76.377
15.177,76.676
15.178,77.103
15.182,76.789
15.179,76.68
15.179,76.667
15.154,76.711
15.175,76.787
15.18,76.657
15.181,77.104
15.183,76.667
15.19,76.659
15.172,76.667
15.177,76.659
15.171,76.379
15.181,76.665
15.333,76.287
15.069,76.867
15.136,76.708
15.15,76.71
15.169,76.381
15.178,76.659
13.897,76.565
15.178,76.678
15.15,76.712
15.177,77.103
15.182,76.792
15.075,76.863
15.15,76.709
15.173,76.653
15.182,76.788
15.069,76.868
15.076,76.865
15.181,76.656
15.179,76.666
15.188,76.66
15.224,76.764
13.899,76.563
15.149,76.71
15.169,76.67
15.18,77.105
15.18,76.664
15.183,76.646
15.188,76.658
15.332,76.286
15.167,76.666
15.171,76.667
15.174,76.677
15.178,76.677
15.179,77.105
15.335,76.287
15.139,76.709
15.178,76.788
15.183,76.789
15.223,76.761
15.177,77.102
15.178,76.676
15.071,76.868
15.18,77.102
15.181,76.653
15.177,76.66
15.178,77.101
15.186,76.657
13.898,76.565
15.073,76.864
15.173,76.788
15.181,76.666
15.185,76.639
15.227,76.765
15.173,76.68
15.174,76.376
15.183,76.64
15.173,76.678
15.229,76.764
15.178,76.674
15.181,77.101
15.175,76.378
15.178,76.68
15.225,76.76
15.23,76.759
15.074,76.867
15.15,76.711
15.18,76.665
15.183,76.643
15.174,76.38
15.176,76.655
15.181,76.647
15.182,76.642
15.17,76.666
15.171,76.662
15.182,76.79
15.068,76.868
15.171,76.381
15.171,76.376
15.173,76.659
15.18,76.668
15.316,76.254
15.138,76.708
15.173,76.656
15.175,76.377
15.152,76.709
15.152,76.711
15.335,76.285
15.174,76.786
15.176,76.66
15.148,76.712
15.173,76.664
15.173,76.661
15.183,76.791
15.184,76.633
15.185,76.652
15.225,76.761
15.339,76.279
15.174,76.785
15.075,76.865
15.176,76.786
15.178,76.672
15.34,76.277
15.187,76.655
15.169,76.671
15.174,76.789
15.148,76.71
15.173,76.66
15.187,76.642
15.316,76.252
13.554,77.012
15.172,76.785
15.172,76.657
15.179,76.652
15.175,76.379
15.172,76.685
13.553,77.013
15.196,76.381
15.168,76.673
15.17,76.685
15.184,76.639
15.316,76.253
15.187,76.656
15.331,76.283
15.182,76.643
15.189,76.656
15.167,76.671
15.184,76.659
15.188,76.659
15.117,76.81
15.167,76.379
15.17,76.667
15.151,76.711
15.18,76.662
15.151,76.709
15.177,76.666
15.185,76.642
15.07,76.866
15.119,76.813
15.151,76.71
15.167,76.38
15.167,76.673
15.168,76.669
15.173,76.658
15.183,76.792
15.187,76.66
15.339,76.277
15.171,76.668
15.171,76.665
15.197,76.38
13.554,77.013
15.17,76.67
15.171,76.383
15.171,76.663
15.18,76.645
15.315,76.255
15.136,76.71
15.17,76.682
15.185,76.656
15.176,76.378
15.187,76.659
15.334,76.283
15.167,76.378
15.17,76.683
15.176,76.677
15.184,76.641
15.184,76.64
15.337,76.278
15.117,76.811
15.166,76.672
15.167,76.668
15.177,76.673
15.066,76.865
15.171,76.375
13.555,77.012
15.171,76.669
13.556,77.013
15.166,76.667
15.172,76.661
15.195,76.38
15.153,76.711
15.173,76.67
15.174,76.663
15.182,76.653
15.187,76.643
15.336,76.284
15.341,76.277
13.556,77.014
15.172,76.787
15.173,76.683
15.172,76.374
13.555,77.011
15.135,76.708
15.177,76.664
15.182,76.665
15.225,76.759
15.168,76.674
15.17,76.663
15.171,76.38
15.178,76.651
15.224,76.76
15.228,76.761
15.332,76.285
15.17,76.377
15.195,76.378
15.118,76.81
15.167,76.67
15.168,76.666
15.19,76.66
15.335,76.284
15.179,76.671
15.175,76.785
15.12,76.811
15.334,76.288
15.32,76.232
15.332,76.288
15.337,76.28
15.175,76.665
15.17,76.378
15.176,77.102
15.177,76.661
13.898,76.564
15.169,76.665
15.182,76.645
15.181,76.645
13.899,76.566
15.339,76.28
15.184,76.656
15.121,76.812
15.187,76.658
15.337,76.277
15.149,76.712
15.184,76.644
15.315,76.254
15.168,76.67
15.175,76.662
15.181,77.105
15.182,76.654
15.154,76.71
15.337,76.276
15.18,76.658
13.898,76.566
15.185,76.66
15.189,76.661
15.197,76.379
15.187,76.657
15.19,76.658
15.225,76.765
15.137,76.707
15.138,76.706
15.151,76.708
15.151,76.712
15.18,76.663
15.137,76.711
15.336,76.28
15.138,76.709
15.175,76.38
15.188,76.655
15.183,76.645
15.183,76.664
15.311,76.252
15.339,76.275
15.137,76.712
15.228,76.766
15.338,76.276
15.136,76.709
15.198,76.378
15.336,76.287
13.555,77.013
15.18,76.788
15.186,76.642
15.194,76.378
15.198,76.379
15.18,77.101
15.184,76.637
15.189,76.659
15.173,76.663
15.181,77.103
15.185,76.649
15.196,76.378
13.003,74.85
15.19,76.657
15.332,76.284
15.177,76.675
15.178,76.664
15.183,76.665
15.172,76.663
15.173,76.667
15.187,76.653
13.003,74.852
15.187,76.637
13.555,77.014
15.179,76.672
15.339,76.276
15.152,76.71
15.337,76.286
13.004,74.851
15.172,76.662
15.179,76.659
15.188,76.657
13.899,76.565
15.171,76.682
15.18,77.104
15.316,76.255
15.176,76.785
15.181,76.651
15.176,76.376
15.069,76.865
15.173,76.669
13.002,74.851
15.311,76.253
15.185,76.643
15.175,76.664
15.172,76.683
15.169,76.674
15.189,76.655
15.226,76.765
15.31,76.252
15.121,76.81
15.169,76.667
15.31,76.254
15.336,76.277
15.34,76.276
15.336,76.278
15.177,76.663
15.178,76.663
15.187,76.641
15.181,76.644
13.004,74.852
15.341,76.276
15.178,76.671
13.001,74.851
13.005,74.85
15.188,76.661
15.171,76.67
15.18,76.674
13.002,74.852
15.18,76.673
15.184,76.638
15.333,76.283
15.337,76.275
15.15,76.708
15.186,76.64
15.337,76.274
13.005,74.851
15.338,76.277
15.173,76.666
15.181,76.663
15.184,76.645
15.186,76.658
13.005,74.852
15.167,76.669
15.168,76.665
15.179,76.679
15.184,76.657
15.153,76.709
15.314,76.254
15.177,76.672
15.173,76.374
15.174,76.374
13.005,74.849
15.177,76.665
15.183,76.652
15.175,76.786
13.002,74.849
15.189,76.658
15.178,76.66
15.186,76.656
15.167,76.382
15.333,76.247
15.149,76.709
15.177,76.671
15.191,76.657
15.307,76.252
15.174,76.664
13.897,76.566
15.18,76.644
15.167,76.665
15.187,76.652
15.185,76.64
15.179,76.66
15.186,76.645
13.898,76.567
15.167,76.674
15.179,76.668
15.182,76.678
15.139,76.708
15.341,76.278
15.153,76.71
15.17,76.672
15.333,76.25
15.333,76.246
15.005,76.999
15.013,76.898
15.12,76.812
15.18,76.676
15.336,76.276
15.181,76.678
15.006,76.999
15.18,76.678
15.003,76.999
15.015,76.898
15.183,76.668
15.138,76.711
15.183,76.675
15.139,76.71
15.005,77.002
15.007,76.999
15.182,76.675
15.181,76.674
15.181,76.675
15.181,76.681
15.138,76.712
15.18,76.682
15.181,76.657
15.182,76.68
15.176,76.663
15.185,76.653
15.187,76.661
15.34,76.25
15.004,76.999
15.181,76.676
15.005,76.997
15.186,76.661
15.18,76.675
15.176,76.675
15.176,76.664
15.18,76.679
15.186,76.643
15.332,76.247
15.014,76.899
15.135,76.709
15.334,76.246
15.014,76.896
15.34,76.279
15.139,76.711
15.173,76.679
15.007,77.0
15.334,76.247
15.34,76.278
13.899,76.567
15.175,76.675
15.179,76.676
15.224,76.766
15.117,76.812
15.014,76.902
15.14,76.71
15.179,77.106
15.181,76.679
15.182,76.668
15.227,76.766
15.181,76.677
15.004,77.0
15.011,76.9
15.016,76.897
15.34,76.28
15.182,76.677
15.181,76.68
15.006,77.001
15.175,76.674
15.183,76.65
15.013,76.897
15.177,77.101
15.183,76.68
15.18,76.677
13.902,76.561
15.177,76.662
15.177,77.105
15.182,76.674
15.011,76.902
15.175,76.663
15.182,76.676
15.004,76.998
15.012,76.898
15.228,76.765
15.171,76.382
15.181,76.641
15.181,76.642
15.006,77.0
15.179,76.681
13.9,76.565
15.002,77.0
15.014,76.901
15.176,76.787
15.014,76.9
15.168,76.667
15.182,76.641
15.183,76.677
13.554,77.014
15.011,76.901
15.122,76.812
15.182,76.681
15.013,76.901
15.333,76.248
15.005,76.998
15.073,76.866
15.311,76.254
15.184,76.66
15.331,76.287
15.163,76.379
15.166,76.382
15.166,76.379
15.317,76.254
15.165,76.38
15.183,76.676
15.317,76.252
15.165,76.381
15.176,76.673
15.178,76.667
15.331,76.245
15.181,76.673
15.34,76.275
15.163,76.382
15.166,76.383
15.17,76.375
15.18,76.68
15.179,76.662
15.334,76.248
15.334,76.245
15.186,76.673
15.166,76.381
15.153,76.712
15.177,76.667
15.163,76.38
15.166,76.38
15.318,76.254
15.165,76.382
13.9,76.564
13.901,76.566
15.185,76.675
15.317,76.253
15.006,76.998
15.005,77.0
15.004,76.997
15.184,76.675
15.331,76.246
15.186,76.675
15.164,76.382
15.187,76.639
15.005,77.001
15.135,76.711
15.012,76.897
15.31,76.253
15.165,76.379
15.186,76.672
15.185,76.674
15.309,76.252
15.164,76.379
15.174,77.102
15.001,76.998
15.165,76.383
15.172,76.692
15.175,77.101
15.003,76.998
15.069,76.864
15.164,76.378
15.171,76.692
15.173,76.785
15.173,77.099
15.174,76.674
15.174,76.692
15.176,77.103
15.184,76.672
15.166,76.377
15.172,76.693
15.173,76.69
15.176,77.099
15.331,76.249
15.331,76.286
15.004,77.001
15.012,76.902
15.012,76.899
15.135,76.714
15.172,76.691
15.175,77.102
15.182,76.672
15.184,76.676
15.184,76.673
15.177,77.097
15.179,76.669
15.186,76.676
15.016,76.899
15.164,76.383
15.012,76.9
15.163,76.381
15.174,77.099
15.185,76.637
15.172,76.694
15.182,76.67
15.175,76.69
15.315,76.256
15.172,76.69
15.175,76.691
15.138,76.713
15.174,76.694
15.17,76.384
15.014,76.898
15.175,77.1
15.181,76.671
15.186,76.638
15.187,76.675
15.014,76.897
15.184,76.647
15.185,76.678
15.173,76.784
15.183,76.679
15.185,76.677
15.174,77.1
15.174,76.784
15.313,76.255
13.9,76.566
15.136,76.712
15.173,77.1
15.183,76.673
15.183,76.669
15.187,76.673
15.313,76.257
15.136,76.711
15.166,76.671
15.173,76.691
15.183,76.674
15.308,76.253
15.173,76.681
15.174,76.676
15.176,77.101
15.309,76.253
15.137,76.713
15.167,76.377
15.178,77.099
15.175,77.099
15.18,76.669
15.314,76.255
15.173,76.692
15.178,77.1
15.182,76.669
15.174,76.691
15.162,76.379
15.309,76.254
15.182,76.671
15.069,76.863
15.179,77.099
15.186,76.674
15.134,76.709
15.135,76.712
15.176,77.1
15.187,76.672
15.139,76.715
15.174,76.693
15.185,76.671
15.171,76.691
15.18,76.681
15.225,76.762
15.003,77.0
15.068,76.865
15.071,76.863
15.136,76.714
15.335,76.245
15.173,76.693
15.176,76.692
15.314,76.256
15.175,76.788
15.185,76.666
15.169,76.376
15.186,76.678
15.176,76.784
15.181,76.672
15.174,77.098
15.185,76.668
15.007,76.998
15.175,76.693
15.185,76.638
15.186,76.65
15.177,77.1
15.184,76.666
15.013,76.899
15.181,76.669
15.135,76.713
15.179,77.1
15.183,76.672
15.228,76.764
13.898,76.563
15.006,76.997
15.174,76.69
13.897,76.564
15.185,76.669
15.228,76.763
15.312,76.254
15.184,76.649
15.175,76.694
15.182,76.673
15.187,76.64
15.173,76.694
15.174,76.689
15.18,76.671
15.184,76.667
15.163,76.378
15.072,76.862
15.174,77.097
15.184,76.668
15.172,76.382
15.335,76.283
15.179,76.651
15.18,76.643
15.183,76.663
15.166,76.376
15.176,77.097
15.181,76.643
15.184,76.669
15.185,76.667
15.186,76.677
15.165,76.378
15.139,76.707
15.176,76.375
15.184,76.677
15.339,76.274
15.181,76.652
15.164,76.38
15.185,76.673
15.227,76.762
15.136,76.713
15.167,76.376
15.162,76.38
15.175,77.098
15.175,76.673
15.181,76.67
15.176,76.651
15.172,76.381
15.18,76.672
15.184,76.674
15.185,76.676
15.332,76.245
15.178,76.787
15.069,76.862
15.184,76.671
15.18,77.1
15.129,76.785
15.183,76.671
15.182,76.679
15.184,76.678
13.557,77.012
15.111,76.806
13.555,77.017
15.109,76.807
15.187,76.638
15.11,76.806
15.188,76.64
15.137,76.715
15.183,76.678
15.112,76.806
15.11,76.805
15.176,77.104
15.011,76.898
15.177,77.099
13.555,77.015
15.183,76.67
15.11,76.807
