zone_id,latitude,longitude,elev_m,slope_pct
G-0,24.35,89.95,13.9,0.04
G-1,24.35,90.45,16.2,0.03
G-2,24.35,90.95,8.7,0.02
G-3,24.35,91.45,18.1,0.09
G-4,24.35,91.95,49.3,0.17
G-5,24.35,92.45,69.0,0.23
G-6,24.35,92.95,337.9,1.93
G-7,24.35,93.45,754.8,1.93
G-8,24.35,93.95,1079.4,2.02
G-9,24.35,94.45,364.6,2.02
G-10,24.35,94.95,225.0,0.68
G-11,24.35,95.45,343.6,0.6
G-12,24.35,95.95,322.6,1.44
G-13,24.85,89.95,19.0,0.02
G-14,24.85,90.45,13.8,0.02
G-15,24.85,90.95,8.9,0.03
G-16,24.85,91.45,12.3,0.03
G-17,24.85,91.95,15.2,0.06
G-18,24.85,92.45,43.9,0.3
G-19,24.85,92.95,190.4,1.31
G-20,24.85,93.45,478.0,2.35
G-21,24.85,93.95,1020.9,2.13
G-22,24.85,94.45,930.1,3.39
G-23,24.85,94.95,269.7,1.36
G-24,24.85,95.45,261.6,0.42
G-25,24.85,95.95,424.1,1.49
G-26,25.35,89.95,50.0,0.26
G-27,25.35,90.45,256.6,1.79
G-28,25.35,90.95,395.4,2.34
G-29,25.35,91.45,1005.9,4.27
G-30,25.35,91.95,841.4,4.31
G-31,25.35,92.45,1024.9,2.94
G-32,25.35,92.95,599.2,2.13
G-33,25.35,93.45,970.9,3.63
G-34,25.35,93.95,1368.3,2.92
G-35,25.35,94.45,1773.0,4.07
G-36,25.35,94.95,916.3,5.28
G-37,25.35,95.45,225.9,0.48
G-38,25.35,95.95,271.2,1.28
G-39,25.85,89.95,59.8,0.37
G-40,25.85,90.45,157.3,0.85
G-41,25.85,90.95,333.1,2.17
G-42,25.85,91.45,579.6,3.28
G-43,25.85,91.95,716.6,1.81
G-44,25.85,92.45,599.2,1.73
G-45,25.85,92.95,146.3,0.52
G-46,25.85,93.45,226.1,0.29
G-47,25.85,93.95,672.1,4.02
G-48,25.85,94.45,1453.9,5.3
G-49,25.85,94.95,1797.0,5.15
G-50,25.85,95.45,658.3,5.18
G-51,25.85,95.95,645.6,3.24
G-52,26.35,89.95,46.4,0.08
G-53,26.35,90.45,44.8,0.07
G-54,26.35,90.95,43.0,0.04
G-55,26.35,91.45,48.7,0.04
G-56,26.35,91.95,77.7,0.42
G-57,26.35,92.45,61.8,0.02
G-58,26.35,92.95,220.6,1.85
G-59,26.35,93.45,514.6,1.31
G-60,26.35,93.95,152.8,0.67
G-61,26.35,94.45,680.0,3.0
G-62,26.35,94.95,1627.3,4.35
G-63,26.35,95.45,998.1,3.1
G-64,26.35,95.95,585.1,3.23
G-65,26.85,89.95,957.1,5.28
G-66,26.85,90.45,736.6,4.43
G-67,26.85,90.95,759.4,4.51
G-68,26.85,91.45,819.8,6.01
G-69,26.85,91.95,788.6,5.39
G-70,26.85,92.45,444.6,3.7
G-71,26.85,92.95,185.8,1.22
G-72,26.85,93.45,153.6,0.73
G-73,26.85,93.95,85.0,0.05
G-74,26.85,94.45,117.4,0.32
G-75,26.85,94.95,349.2,2.01
G-76,26.85,95.45,1164.6,4.97
G-77,26.85,95.95,1140.0,2.39
G-78,27.35,89.95,2329.6,3.81
G-79,27.35,90.45,2414.6,4.1
G-80,27.35,90.95,2547.0,7.48
G-81,27.35,91.45,2262.3,5.58
G-82,27.35,91.95,3019.8,6.97
G-83,27.35,92.45,2266.7,5.39
G-84,27.35,92.95,1247.3,4.79
G-85,27.35,93.45,1787.2,3.86
G-86,27.35,93.95,671.7,5.4
G-87,27.35,94.45,99.3,0.07
G-88,27.35,94.95,107.2,0.05
G-89,27.35,95.45,165.7,0.49
G-90,27.35,95.95,381.4,1.63
G-91,27.85,89.95,3725.6,8.84
G-92,27.85,90.45,4609.6,4.76
G-93,27.85,90.95,3652.4,7.62
G-94,27.85,91.45,3975.0,8.57
G-95,27.85,91.95,4173.9,5.51
G-96,27.85,92.45,4750.0,5.78
G-97,27.85,92.95,2768.3,9.13
G-98,27.85,93.45,1701.9,5.08
G-99,27.85,93.95,1433.8,5.68
G-100,27.85,94.45,685.0,2.28
G-101,27.85,94.95,550.4,3.06
G-102,27.85,95.45,137.7,0.13
G-103,27.85,95.95,204.3,0.51
G-104,28.35,89.95,5563.3,4.29
G-105,28.35,90.45,5349.1,3.76
G-106,28.35,90.95,4937.9,5.68
G-107,28.35,91.45,4916.1,3.16
G-108,28.35,91.95,4682.7,1.98
G-109,28.35,92.45,4595.1,4.36
G-110,28.35,92.95,4174.1,8.56
G-111,28.35,93.45,2868.6,7.98
G-112,28.35,93.95,2114.2,7.52
G-113,28.35,94.45,1675.2,6.36
G-114,28.35,94.95,1166.1,4.37
G-115,28.35,95.45,1385.9,5.9
G-116,28.35,95.95,1579.7,8.09
