zone_id,latitude,longitude,zone_clim,nbr_clim
G-0,11.55,74.05,0.0,0.0
G-1,11.55,74.14999999999999,0.0,0.0
G-2,11.55,74.24999999999999,0.0,0.0
G-3,11.55,74.34999999999998,0.0,0.0
G-4,11.55,74.44999999999997,0.0,0.0
G-5,11.55,74.54999999999997,0.0,0.0
G-6,11.55,74.64999999999996,0.0,0.0
G-7,11.55,74.74999999999996,0.0,0.0
G-8,11.55,74.84999999999995,0.0,0.0
G-9,11.55,74.94999999999995,0.0,0.0
G-10,11.55,75.04999999999994,0.0,0.0
G-11,11.55,75.14999999999993,0.0,0.0
G-12,11.55,75.24999999999993,0.0,0.0
G-13,11.55,75.34999999999992,0.0,0.0001320132
G-14,11.55,75.44999999999992,0.0,0.0002640264
G-15,11.55,75.54999999999991,0.0,0.000660066
G-16,11.55,75.6499999999999,0.0,0.0022442245
G-17,11.55,75.7499999999999,0.006600660066006601,0.00369637
G-18,11.55,75.8499999999999,0.006600660066006601,0.005148515
G-19,11.55,75.94999999999989,0.0165016501650165,0.007392739
G-20,11.55,76.04999999999988,0.019801980198019802,0.010429043
G-21,11.55,76.14999999999988,0.039603960396039604,0.012937294
G-22,11.55,76.24999999999987,0.036303630363036306,0.015445544
G-23,11.55,76.34999999999987,0.07590759075907591,0.016765678
G-24,11.55,76.44999999999986,0.0891089108910891,0.017953796
G-25,11.55,76.54999999999986,0.036303630363036306,0.018349834
G-26,11.55,76.64999999999985,0.019801980198019802,0.01650165
G-27,11.55,76.74999999999984,0.033003300330033,0.014521451
G-28,11.55,76.84999999999984,0.019801980198019802,0.014653463
G-29,11.55,76.94999999999983,0.006600660066006601,0.013333333
G-30,11.55,77.04999999999983,0.009900990099009901,0.012145214
G-31,11.55,77.14999999999982,0.009900990099009901,0.011221123
G-32,11.55,77.24999999999982,0.019801980198019802,0.010429046
G-33,11.55,77.34999999999981,0.019801980198019802,0.0073927427
G-34,11.55,77.4499999999998,0.0033003300330033004,0.005148518
G-35,11.65,74.05,0.0,0.0
G-36,11.65,74.14999999999999,0.0,0.0
G-37,11.65,74.24999999999999,0.0,0.0
G-38,11.65,74.34999999999998,0.0,0.0
G-39,11.65,74.44999999999997,0.0,0.0
G-40,11.65,74.54999999999997,0.0,0.0
G-41,11.65,74.64999999999996,0.0,0.0
G-42,11.65,74.74999999999996,0.0,0.0
G-43,11.65,74.84999999999995,0.0,0.0
G-44,11.65,74.94999999999995,0.0,0.0
G-45,11.65,75.04999999999994,0.0,0.0
G-46,11.65,75.14999999999993,0.0,0.0002640264
G-47,11.65,75.24999999999993,0.0,0.0005280528
G-48,11.65,75.34999999999992,0.0,0.00079207926
G-49,11.65,75.44999999999992,0.0,0.0009240925
G-50,11.65,75.54999999999991,0.0033003300330033004,0.001320132
G-51,11.65,75.6499999999999,0.0033003300330033004,0.0030363034
G-52,11.65,75.7499999999999,0.0033003300330033004,0.0047524753
G-53,11.65,75.8499999999999,0.0033003300330033004,0.006732674
G-54,11.65,75.94999999999989,0.006600660066006601,0.009636964
G-55,11.65,76.04999999999988,0.006600660066006601,0.01280528
G-56,11.65,76.14999999999988,0.009900990099009901,0.015181517
G-57,11.65,76.24999999999987,0.033003300330033,0.017557757
G-58,11.65,76.34999999999987,0.019801980198019802,0.019141914
G-59,11.65,76.44999999999986,0.0033003300330033004,0.020726074
G-60,11.65,76.54999999999986,0.0231023102310231,0.021650167
G-61,11.65,76.64999999999985,0.036303630363036306,0.020858085
G-62,11.65,76.74999999999984,0.019801980198019802,0.02019802
G-63,11.65,76.84999999999984,0.013201320132013201,0.02033003
G-64,11.65,76.94999999999983,0.013201320132013201,0.018877886
G-65,11.65,77.04999999999983,0.0297029702970297,0.017953794
G-66,11.65,77.14999999999982,0.0033003300330033004,0.015709572
G-67,11.65,77.24999999999982,0.026402640264026403,0.013201322
G-68,11.65,77.34999999999981,0.009900990099009901,0.009240928
G-69,11.65,77.4499999999998,0.0231023102310231,0.006072612
G-70,11.75,74.05,0.0,0.0
G-71,11.75,74.14999999999999,0.0,0.0
G-72,11.75,74.24999999999999,0.0,0.0
G-73,11.75,74.34999999999998,0.0,0.0
G-74,11.75,74.44999999999997,0.0,0.0
G-75,11.75,74.54999999999997,0.0,0.0
G-76,11.75,74.64999999999996,0.0,0.0
G-77,11.75,74.74999999999996,0.0,0.0
G-78,11.75,74.84999999999995,0.0,0.0
G-79,11.75,74.94999999999995,0.0,0.0
G-80,11.75,75.04999999999994,0.0,0.0
G-81,11.75,75.14999999999993,0.0,0.00039603963
G-82,11.75,75.24999999999993,0.0,0.00079207926
G-83,11.75,75.34999999999992,0.0,0.0015841585
G-84,11.75,75.44999999999992,0.0,0.001980198
G-85,11.75,75.54999999999991,0.0,0.0034323437
G-86,11.75,75.6499999999999,0.0,0.005808581
G-87,11.75,75.7499999999999,0.0,0.007392739
G-88,11.75,75.8499999999999,0.0297029702970297,0.008844885
G-89,11.75,75.94999999999989,0.013201320132013201,0.0118811885
G-90,11.75,76.04999999999988,0.013201320132013201,0.014257426
G-91,11.75,76.14999999999988,0.009900990099009901,0.01610561
G-92,11.75,76.24999999999987,0.0165016501650165,0.01861386
G-93,11.75,76.34999999999987,0.006600660066006601,0.021650163
G-94,11.75,76.44999999999986,0.006600660066006601,0.024158416
G-95,11.75,76.54999999999986,0.013201320132013201,0.026006602
G-96,11.75,76.64999999999985,0.033003300330033,0.025610564
G-97,11.75,76.74999999999984,0.0429042904290429,0.026930697
G-98,11.75,76.84999999999984,0.0231023102310231,0.027722776
G-99,11.75,76.94999999999983,0.0297029702970297,0.026138619
G-100,11.75,77.04999999999983,0.036303630363036306,0.024554458
G-101,11.75,77.14999999999982,0.0429042904290429,0.021650167
G-102,11.75,77.24999999999982,0.019801980198019802,0.017029705
G-103,11.75,77.34999999999981,0.0033003300330033004,0.010957098
G-104,11.75,77.4499999999998,0.0033003300330033004,0.006600661
G-105,11.85,74.05,0.0,0.0
G-106,11.85,74.14999999999999,0.0,0.0
G-107,11.85,74.24999999999999,0.0,0.0
G-108,11.85,74.34999999999998,0.0,0.0
G-109,11.85,74.44999999999997,0.0,0.0
G-110,11.85,74.54999999999997,0.0,0.0
G-111,11.85,74.64999999999996,0.0,0.0
G-112,11.85,74.74999999999996,0.0,0.0
G-113,11.85,74.84999999999995,0.0,0.0
G-114,11.85,74.94999999999995,0.0,0.0
G-115,11.85,75.04999999999994,0.0,0.0002640264
G-116,11.85,75.14999999999993,0.0,0.0014521453
G-117,11.85,75.24999999999993,0.0,0.002376238
G-118,11.85,75.34999999999992,0.006600660066006601,0.0034323437
G-119,11.85,75.44999999999992,0.006600660066006601,0.0040924097
G-120,11.85,75.54999999999991,0.0033003300330033004,0.005148515
G-121,11.85,75.6499999999999,0.0,0.0066006603
G-122,11.85,75.7499999999999,0.0,0.0073927403
G-123,11.85,75.8499999999999,0.009900990099009901,0.0083168335
G-124,11.85,75.94999999999989,0.013201320132013201,0.009504952
G-125,11.85,76.04999999999988,0.0165016501650165,0.01069307
G-126,11.85,76.14999999999988,0.0165016501650165,0.009900992
G-127,11.85,76.24999999999987,0.0033003300330033004,0.010165018
G-128,11.85,76.34999999999987,0.006600660066006601,0.012277229
G-129,11.85,76.44999999999986,0.009900990099009901,0.016765676
G-130,11.85,76.54999999999986,0.0231023102310231,0.020726075
G-131,11.85,76.64999999999985,0.026402640264026403,0.023762379
G-132,11.85,76.74999999999984,0.0165016501650165,0.028910894
G-133,11.85,76.84999999999984,0.033003300330033,0.034455445
G-134,11.85,76.94999999999983,0.0429042904290429,0.033135317
G-135,11.85,77.04999999999983,0.0231023102310231,0.030891089
G-136,11.85,77.14999999999982,0.0231023102310231,0.026798677
G-137,11.85,77.24999999999982,0.0231023102310231,0.020858085
G-138,11.85,77.34999999999981,0.0,0.011221123
G-139,11.85,77.4499999999998,0.0,0.006204617
G-140,11.95,74.05,0.0,0.0
G-141,11.95,74.14999999999999,0.0,0.0
G-142,11.95,74.24999999999999,0.0,0.0
G-143,11.95,74.34999999999998,0.0,0.0
G-144,11.95,74.44999999999997,0.0,0.0
G-145,11.95,74.54999999999997,0.0,0.0
G-146,11.95,74.64999999999996,0.0,0.0
G-147,11.95,74.74999999999996,0.0,0.0
G-148,11.95,74.84999999999995,0.0,0.0
G-149,11.95,74.94999999999995,0.0,0.0001320132
G-150,11.95,75.04999999999994,0.0,0.0010561056
G-151,11.95,75.14999999999993,0.0,0.0030363034
G-152,11.95,75.24999999999993,0.0,0.004092409
G-153,11.95,75.34999999999992,0.0033003300330033004,0.005280528
G-154,11.95,75.44999999999992,0.0033003300330033004,0.0064686467
G-155,11.95,75.54999999999991,0.013201320132013201,0.0071287127
G-156,11.95,75.6499999999999,0.006600660066006601,0.008316832
G-157,11.95,75.7499999999999,0.026402640264026403,0.009636966
G-158,11.95,75.8499999999999,0.019801980198019802,0.011221124
G-159,11.95,75.94999999999989,0.0,0.011749175
G-160,11.95,76.04999999999988,0.0,0.011749177
G-161,11.95,76.14999999999988,0.009900990099009901,0.010561061
G-162,11.95,76.24999999999987,0.006600660066006601,0.011221125
G-163,11.95,76.34999999999987,0.006600660066006601,0.012805283
G-164,11.95,76.44999999999986,0.0033003300330033004,0.017689772
G-165,11.95,76.54999999999986,0.036303630363036306,0.02468647
G-166,11.95,76.64999999999985,0.033003300330033,0.028646864
G-167,11.95,76.74999999999984,0.0297029702970297,0.033927392
G-168,11.95,76.84999999999984,0.0165016501650165,0.042112216
G-169,11.95,76.94999999999983,0.052805280528052806,0.04343234
G-170,11.95,77.04999999999983,0.052805280528052806,0.040132016
G-171,11.95,77.14999999999982,0.0297029702970297,0.035115514
G-172,11.95,77.24999999999982,0.013201320132013201,0.027062707
G-173,11.95,77.34999999999981,0.0,0.014521451
G-174,11.95,77.4499999999998,0.0,0.0064686467
G-175,12.049999999999999,74.05,0.0,0.0
G-176,12.049999999999999,74.14999999999999,0.0,0.0
G-177,12.049999999999999,74.24999999999999,0.0,0.0
G-178,12.049999999999999,74.34999999999998,0.0,0.0
G-179,12.049999999999999,74.44999999999997,0.0,0.0
G-180,12.049999999999999,74.54999999999997,0.0,0.0
G-181,12.049999999999999,74.64999999999996,0.0,0.0
G-182,12.049999999999999,74.74999999999996,0.0,0.0
G-183,12.049999999999999,74.84999999999995,0.0,0.0002640264
G-184,12.049999999999999,74.94999999999995,0.0,0.0015841584
G-185,12.049999999999999,75.04999999999994,0.0,0.0035643566
G-186,12.049999999999999,75.14999999999993,0.0,0.0062046205
G-187,12.049999999999999,75.24999999999993,0.006600660066006601,0.007656766
G-188,12.049999999999999,75.34999999999992,0.019801980198019802,0.010429043
G-189,12.049999999999999,75.44999999999992,0.013201320132013201,0.012145217
G-190,12.049999999999999,75.54999999999991,0.006600660066006601,0.0120132025
G-191,12.049999999999999,75.6499999999999,0.006600660066006601,0.0118811885
G-192,12.049999999999999,75.7499999999999,0.0033003300330033004,0.0129372915
G-193,12.049999999999999,75.8499999999999,0.0033003300330033004,0.01240924
G-194,12.049999999999999,75.94999999999989,0.009900990099009901,0.010957093
G-195,12.049999999999999,76.04999999999988,0.013201320132013201,0.010429039
G-196,12.049999999999999,76.14999999999988,0.0,0.010693069
G-197,12.049999999999999,76.24999999999987,0.0033003300330033004,0.011353132
G-198,12.049999999999999,76.34999999999987,0.006600660066006601,0.013729367
G-199,12.049999999999999,76.44999999999986,0.026402640264026403,0.01993399
G-200,12.049999999999999,76.54999999999986,0.006600660066006601,0.028250823
G-201,12.049999999999999,76.64999999999985,0.0297029702970297,0.031551152
G-202,12.049999999999999,76.74999999999984,0.052805280528052806,0.03762376
G-203,12.049999999999999,76.84999999999984,0.036303630363036306,0.046600666
G-204,12.049999999999999,76.94999999999983,0.039603960396039604,0.0489769
G-205,12.049999999999999,77.04999999999983,0.09900990099009901,0.048052806
G-206,12.049999999999999,77.14999999999982,0.026402640264026403,0.043828383
G-207,12.049999999999999,77.24999999999982,0.0231023102310231,0.035115518
G-208,12.049999999999999,77.34999999999981,0.006600660066006601,0.021254132
G-209,12.049999999999999,77.4499999999998,0.0033003300330033004,0.011089117
G-210,12.149999999999999,74.05,0.0,0.0
G-211,12.149999999999999,74.14999999999999,0.0,0.0
G-212,12.149999999999999,74.24999999999999,0.0,0.0
G-213,12.149999999999999,74.34999999999998,0.0,0.0
G-214,12.149999999999999,74.44999999999997,0.0,0.0
G-215,12.149999999999999,74.54999999999997,0.0,0.0
G-216,12.149999999999999,74.64999999999996,0.0,0.0
G-217,12.149999999999999,74.74999999999996,0.0,0.0
G-218,12.149999999999999,74.84999999999995,0.0,0.000660066
G-219,12.149999999999999,74.94999999999995,0.0,0.0025082508
G-220,12.149999999999999,75.04999999999994,0.0,0.004620462
G-221,12.149999999999999,75.14999999999993,0.0033003300330033004,0.0069966996
G-222,12.149999999999999,75.24999999999993,0.0165016501650165,0.008316832
G-223,12.149999999999999,75.34999999999992,0.019801980198019802,0.011749174
G-224,12.149999999999999,75.44999999999992,0.0033003300330033004,0.013333334
G-225,12.149999999999999,75.54999999999991,0.006600660066006601,0.013069307
G-226,12.149999999999999,75.6499999999999,0.019801980198019802,0.012937294
G-227,12.149999999999999,75.7499999999999,0.009900990099009901,0.014257426
G-228,12.149999999999999,75.8499999999999,0.0165016501650165,0.013201321
G-229,12.149999999999999,75.94999999999989,0.0231023102310231,0.011485147
G-230,12.149999999999999,76.04999999999988,0.026402640264026403,0.011617158
G-231,12.149999999999999,76.14999999999988,0.009900990099009901,0.012937289
G-232,12.149999999999999,76.24999999999987,0.009900990099009901,0.013597352
G-233,12.149999999999999,76.34999999999987,0.0231023102310231,0.015973587
G-234,12.149999999999999,76.44999999999986,0.0297029702970297,0.02495049
G-235,12.149999999999999,76.54999999999986,0.0297029702970297,0.036039602
G-236,12.149999999999999,76.64999999999985,0.0462046204620462,0.038811877
G-237,12.149999999999999,76.74999999999984,0.07260726072607261,0.047524758
G-238,12.149999999999999,76.84999999999984,0.039603960396039604,0.05927393
G-239,12.149999999999999,76.94999999999983,0.0429042904290429,0.06270627
G-240,12.149999999999999,77.04999999999983,0.10231023102310231,0.061518144
G-241,12.149999999999999,77.14999999999982,0.07920792079207921,0.058745872
G-242,12.149999999999999,77.24999999999982,0.052805280528052806,0.047788776
G-243,12.149999999999999,77.34999999999981,0.013201320132013201,0.03062706
G-244,12.149999999999999,77.4499999999998,0.0,0.016501646
G-245,12.249999999999998,74.05,0.0,0.0
G-246,12.249999999999998,74.14999999999999,0.0,0.0
G-247,12.249999999999998,74.24999999999999,0.0,0.0
G-248,12.249999999999998,74.34999999999998,0.0,0.0
G-249,12.249999999999998,74.44999999999997,0.0,0.0
G-250,12.249999999999998,74.54999999999997,0.0,0.0
G-251,12.249999999999998,74.64999999999996,0.0,0.0
G-252,12.249999999999998,74.74999999999996,0.0,0.0
G-253,12.249999999999998,74.84999999999995,0.0,0.001320132
G-254,12.249999999999998,74.94999999999995,0.0,0.0038283828
G-255,12.249999999999998,75.04999999999994,0.006600660066006601,0.0063366336
G-256,12.249999999999998,75.14999999999993,0.0297029702970297,0.008844885
G-257,12.249999999999998,75.24999999999993,0.026402640264026403,0.010429043
G-258,12.249999999999998,75.34999999999992,0.0165016501650165,0.014125412
G-259,12.249999999999998,75.44999999999992,0.009900990099009901,0.01610561
G-260,12.249999999999998,75.54999999999991,0.0462046204620462,0.015181517
G-261,12.249999999999998,75.6499999999999,0.0429042904290429,0.014257427
G-262,12.249999999999998,75.7499999999999,0.006600660066006601,0.015973596
G-263,12.249999999999998,75.8499999999999,0.013201320132013201,0.0155775575
G-264,12.249999999999998,75.94999999999989,0.0165016501650165,0.013201319
G-265,12.249999999999998,76.04999999999988,0.006600660066006601,0.013993396
G-266,12.249999999999998,76.14999999999988,0.0033003300330033004,0.016369633
G-267,12.249999999999998,76.24999999999987,0.009900990099009901,0.01650165
G-268,12.249999999999998,76.34999999999987,0.026402640264026403,0.017425738
G-269,12.249999999999998,76.44999999999986,0.009900990099009901,0.026138619
G-270,12.249999999999998,76.54999999999986,0.026402640264026403,0.038811892
G-271,12.249999999999998,76.64999999999985,0.0594059405940594,0.042112228
G-272,12.249999999999998,76.74999999999984,0.06930693069306931,0.051221132
G-273,12.249999999999998,76.84999999999984,0.026402640264026403,0.06363038
G-274,12.249999999999998,76.94999999999983,0.052805280528052806,0.06811882
G-275,12.249999999999998,77.04999999999983,0.06930693069306931,0.0679868
G-276,12.249999999999998,77.14999999999982,0.09570957095709572,0.06772278
G-277,12.249999999999998,77.24999999999982,0.10561056105610561,0.059669975
G-278,12.249999999999998,77.34999999999981,0.026402640264026403,0.04171618
G-279,12.249999999999998,77.4499999999998,0.009900990099009901,0.026402645
G-280,12.349999999999998,74.05,0.0,0.0
G-281,12.349999999999998,74.14999999999999,0.0,0.0
G-282,12.349999999999998,74.24999999999999,0.0,0.0
G-283,12.349999999999998,74.34999999999998,0.0,0.0
G-284,12.349999999999998,74.44999999999997,0.0,0.0
G-285,12.349999999999998,74.54999999999997,0.0,0.0
G-286,12.349999999999998,74.64999999999996,0.0,0.0
G-287,12.349999999999998,74.74999999999996,0.0,0.0007920792
G-288,12.349999999999998,74.84999999999995,0.0,0.0035643566
G-289,12.349999999999998,74.94999999999995,0.0,0.007128713
G-290,12.349999999999998,75.04999999999994,0.009900990099009901,0.0093729375
G-291,12.349999999999998,75.14999999999993,0.013201320132013201,0.011485147
G-292,12.349999999999998,75.24999999999993,0.0033003300330033004,0.012013201
G-293,12.349999999999998,75.34999999999992,0.0,0.015181519
G-294,12.349999999999998,75.44999999999992,0.0033003300330033004,0.016237624
G-295,12.349999999999998,75.54999999999991,0.0297029702970297,0.0190099
G-296,12.349999999999998,75.6499999999999,0.009900990099009901,0.019273927
G-297,12.349999999999998,75.7499999999999,0.0,0.021650162
G-298,12.349999999999998,75.8499999999999,0.0033003300330033004,0.020858085
G-299,12.349999999999998,75.94999999999989,0.0165016501650165,0.0190099
G-300,12.349999999999998,76.04999999999988,0.0297029702970297,0.016633661
G-301,12.349999999999998,76.14999999999988,0.019801980198019802,0.018481849
G-302,12.349999999999998,76.24999999999987,0.019801980198019802,0.018085802
G-303,12.349999999999998,76.34999999999987,0.026402640264026403,0.019669965
G-304,12.349999999999998,76.44999999999986,0.013201320132013201,0.028646864
G-305,12.349999999999998,76.54999999999986,0.036303630363036306,0.04250826
G-306,12.349999999999998,76.64999999999985,0.09900990099009901,0.04699671
G-307,12.349999999999998,76.74999999999984,0.10231023102310231,0.05623763
G-308,12.349999999999998,76.84999999999984,0.039603960396039604,0.06521452
G-309,12.349999999999998,76.94999999999983,0.11221122112211221,0.07075906
G-310,12.349999999999998,77.04999999999983,0.10561056105610561,0.07300327
G-311,12.349999999999998,77.14999999999982,0.12211221122112212,0.076963685
G-312,12.349999999999998,77.24999999999982,0.10231023102310231,0.074719466
G-313,12.349999999999998,77.34999999999981,0.0429042904290429,0.0590099
G-314,12.349999999999998,77.4499999999998,0.013201320132013201,0.041716184
G-315,12.449999999999998,74.05,0.0,0.0
G-316,12.449999999999998,74.14999999999999,0.0,0.0
G-317,12.449999999999998,74.24999999999999,0.0,0.0
G-318,12.449999999999998,74.34999999999998,0.0,0.0
G-319,12.449999999999998,74.44999999999997,0.0,0.0
G-320,12.449999999999998,74.54999999999997,0.0,0.0
G-321,12.449999999999998,74.64999999999996,0.0,0.0
G-322,12.449999999999998,74.74999999999996,0.0,0.0018481847
G-323,12.449999999999998,74.84999999999995,0.0,0.0056765676
G-324,12.449999999999998,74.94999999999995,0.0,0.010561056
G-325,12.449999999999998,75.04999999999994,0.0165016501650165,0.012541253
G-326,12.449999999999998,75.14999999999993,0.0165016501650165,0.014257426
G-327,12.449999999999998,75.24999999999993,0.009900990099009901,0.014125411
G-328,12.449999999999998,75.34999999999992,0.006600660066006601,0.01650165
G-329,12.449999999999998,75.44999999999992,0.009900990099009901,0.01650165
G-330,12.449999999999998,75.54999999999991,0.036303630363036306,0.02125413
G-331,12.449999999999998,75.6499999999999,0.033003300330033,0.02138614
G-332,12.449999999999998,75.7499999999999,0.019801980198019802,0.023630366
G-333,12.449999999999998,75.8499999999999,0.0033003300330033004,0.022970296
G-334,12.449999999999998,75.94999999999989,0.0165016501650165,0.021386137
G-335,12.449999999999998,76.04999999999988,0.039603960396039604,0.018481843
G-336,12.449999999999998,76.14999999999988,0.019801980198019802,0.020858085
G-337,12.449999999999998,76.24999999999987,0.0165016501650165,0.02217821
G-338,12.449999999999998,76.34999999999987,0.0165016501650165,0.024554448
G-339,12.449999999999998,76.44999999999986,0.006600660066006601,0.036039606
G-340,12.449999999999998,76.54999999999986,0.039603960396039604,0.049768988
G-341,12.449999999999998,76.64999999999985,0.036303630363036306,0.05557757
G-342,12.449999999999998,76.74999999999984,0.07920792079207921,0.06349838
G-343,12.449999999999998,76.84999999999984,0.039603960396039604,0.06904294
G-344,12.449999999999998,76.94999999999983,0.066006600660066,0.07102314
G-345,12.449999999999998,77.04999999999983,0.07260726072607261,0.07273929
G-346,12.449999999999998,77.14999999999982,0.0594059405940594,0.07867988
G-347,12.449999999999998,77.24999999999982,0.0891089108910891,0.07947195
G-348,12.449999999999998,77.34999999999981,0.0858085808580858,0.06600659
G-349,12.449999999999998,77.4499999999998,0.0858085808580858,0.049240924
G-350,12.549999999999997,74.05,0.0,0.0
G-351,12.549999999999997,74.14999999999999,0.0,0.0
G-352,12.549999999999997,74.24999999999999,0.0,0.0
G-353,12.549999999999997,74.34999999999998,0.0,0.0
G-354,12.549999999999997,74.44999999999997,0.0,0.0
G-355,12.549999999999997,74.54999999999997,0.0,0.0
G-356,12.549999999999997,74.64999999999996,0.0,0.0007920792
G-357,12.549999999999997,74.74999999999996,0.0,0.0048844884
G-358,12.549999999999997,74.84999999999995,0.0,0.009240924
G-359,12.549999999999997,74.94999999999995,0.019801980198019802,0.013465348
G-360,12.549999999999997,75.04999999999994,0.036303630363036306,0.014653466
G-361,12.549999999999997,75.14999999999993,0.026402640264026403,0.015709572
G-362,12.549999999999997,75.24999999999993,0.0,0.013729373
G-363,12.549999999999997,75.34999999999992,0.009900990099009901,0.015049506
G-364,12.549999999999997,75.44999999999992,0.006600660066006601,0.015973596
G-365,12.549999999999997,75.54999999999991,0.0297029702970297,0.024026403
G-366,12.549999999999997,75.6499999999999,0.009900990099009901,0.025082506
G-367,12.549999999999997,75.7499999999999,0.0891089108910891,0.028382836
G-368,12.549999999999997,75.8499999999999,0.0231023102310231,0.031419143
G-369,12.549999999999997,75.94999999999989,0.019801980198019802,0.030759078
G-370,12.549999999999997,76.04999999999988,0.026402640264026403,0.026930695
G-371,12.549999999999997,76.14999999999988,0.0165016501650165,0.029042907
G-372,12.549999999999997,76.24999999999987,0.009900990099009901,0.029702978
G-373,12.549999999999997,76.34999999999987,0.013201320132013201,0.031419147
G-374,12.549999999999997,76.44999999999986,0.0231023102310231,0.044224434
G-375,12.549999999999997,76.54999999999986,0.036303630363036306,0.057029724
G-376,12.549999999999997,76.64999999999985,0.052805280528052806,0.06455448
G-377,12.549999999999997,76.74999999999984,0.0891089108910891,0.07155118
G-378,12.549999999999997,76.84999999999984,0.07260726072607261,0.07683172
G-379,12.549999999999997,76.94999999999983,0.039603960396039604,0.07828385
G-380,12.549999999999997,77.04999999999983,0.0429042904290429,0.079736
G-381,12.549999999999997,77.14999999999982,0.07590759075907591,0.08805284
G-382,12.549999999999997,77.24999999999982,0.1188118811881188,0.09425746
G-383,12.549999999999997,77.34999999999981,0.1485148514851485,0.07854788
G-384,12.549999999999997,77.4499999999998,0.1485148514851485,0.059802007
G-385,12.649999999999997,74.05,0.0,0.0
G-386,12.649999999999997,74.14999999999999,0.0,0.0
G-387,12.649999999999997,74.24999999999999,0.0,0.0
G-388,12.649999999999997,74.34999999999998,0.0,0.0
G-389,12.649999999999997,74.44999999999997,0.0,0.0
G-390,12.649999999999997,74.54999999999997,0.0,0.0
G-391,12.649999999999997,74.64999999999996,0.0,0.0011881187
G-392,12.649999999999997,74.74999999999996,0.0,0.006336633
G-393,12.649999999999997,74.84999999999995,0.0,0.010693069
G-394,12.649999999999997,74.94999999999995,0.026402640264026403,0.01478548
G-395,12.649999999999997,75.04999999999994,0.026402640264026403,0.01610561
G-396,12.649999999999997,75.14999999999993,0.036303630363036306,0.017161718
G-397,12.649999999999997,75.24999999999993,0.009900990099009901,0.0159736
G-398,12.649999999999997,75.34999999999992,0.009900990099009901,0.01914192
G-399,12.649999999999997,75.44999999999992,0.013201320132013201,0.02363037
G-400,12.649999999999997,75.54999999999991,0.013201320132013201,0.033399347
G-401,12.649999999999997,75.6499999999999,0.026402640264026403,0.035643566
G-402,12.649999999999997,75.7499999999999,0.052805280528052806,0.039075915
G-403,12.649999999999997,75.8499999999999,0.0033003300330033004,0.042640265
G-404,12.649999999999997,75.94999999999989,0.0297029702970297,0.040264033
G-405,12.649999999999997,76.04999999999988,0.036303630363036306,0.035643578
G-406,12.649999999999997,76.14999999999988,0.0231023102310231,0.0357756
G-407,12.649999999999997,76.24999999999987,0.039603960396039604,0.03392741
G-408,12.649999999999997,76.34999999999987,0.0231023102310231,0.03379541
G-409,12.649999999999997,76.44999999999986,0.07920792079207921,0.045412574
G-410,12.649999999999997,76.54999999999986,0.0594059405940594,0.05821785
G-411,12.649999999999997,76.64999999999985,0.12211221122112212,0.07009904
G-412,12.649999999999997,76.74999999999984,0.09900990099009901,0.07551156
G-413,12.649999999999997,76.84999999999984,0.07260726072607261,0.08013204
G-414,12.649999999999997,76.94999999999983,0.0594059405940594,0.080132015
G-415,12.649999999999997,77.04999999999983,0.0462046204620462,0.0809241
G-416,12.649999999999997,77.14999999999982,0.066006600660066,0.08950496
G-417,12.649999999999997,77.24999999999982,0.066006600660066,0.10402642
G-418,12.649999999999997,77.34999999999981,0.09570957095709572,0.08844886
G-419,12.649999999999997,77.4499999999998,0.0924092409240924,0.07062708
G-420,12.749999999999996,74.05,0.0,0.0
G-421,12.749999999999996,74.14999999999999,0.0,0.0
G-422,12.749999999999996,74.24999999999999,0.0,0.0
G-423,12.749999999999996,74.34999999999998,0.0,0.0
G-424,12.749999999999996,74.44999999999997,0.0,0.0
G-425,12.749999999999996,74.54999999999997,0.0,0.0
G-426,12.749999999999996,74.64999999999996,0.0,0.007128713
G-427,12.749999999999996,74.74999999999996,0.0,0.0130693065
G-428,12.749999999999996,74.84999999999995,0.019801980198019802,0.017293729
G-429,12.749999999999996,74.94999999999995,0.056105610561056105,0.020858087
G-430,12.749999999999996,75.04999999999994,0.019801980198019802,0.021914193
G-431,12.749999999999996,75.14999999999993,0.013201320132013201,0.017425744
G-432,12.749999999999996,75.24999999999993,0.006600660066006601,0.017029705
G-433,12.749999999999996,75.34999999999992,0.019801980198019802,0.021650167
G-434,12.749999999999996,75.44999999999992,0.019801980198019802,0.029306931
G-435,12.749999999999996,75.54999999999991,0.033003300330033,0.03920792
G-436,12.749999999999996,75.6499999999999,0.04950495049504951,0.041584156
G-437,12.749999999999996,75.7499999999999,0.06930693069306931,0.045676574
G-438,12.749999999999996,75.8499999999999,0.039603960396039604,0.050825085
G-439,12.749999999999996,75.94999999999989,0.052805280528052806,0.04910892
G-440,12.749999999999996,76.04999999999988,0.0858085808580858,0.045940608
G-441,12.749999999999996,76.14999999999988,0.033003300330033,0.046072632
G-442,12.749999999999996,76.24999999999987,0.04950495049504951,0.042112216
G-443,12.749999999999996,76.34999999999987,0.0462046204620462,0.037887797
G-444,12.749999999999996,76.44999999999986,0.0297029702970297,0.046732675
G-445,12.749999999999996,76.54999999999986,0.0891089108910891,0.05953795
G-446,12.749999999999996,76.64999999999985,0.12211221122112212,0.07419142
G-447,12.749999999999996,76.74999999999984,0.0858085808580858,0.08066006
G-448,12.749999999999996,76.84999999999984,0.0891089108910891,0.0871287
G-449,12.749999999999996,76.94999999999983,0.04950495049504951,0.086600654
G-450,12.749999999999996,77.04999999999983,0.1254125412541254,0.08660067
G-451,12.749999999999996,77.14999999999982,0.14521452145214522,0.093333334
G-452,12.749999999999996,77.24999999999982,0.11551155115511551,0.10574256
G-453,12.749999999999996,77.34999999999981,0.1485148514851485,0.08950495
G-454,12.749999999999996,77.4499999999998,0.1419141914191419,0.07168316
G-455,12.849999999999996,74.05,0.0,0.0
G-456,12.849999999999996,74.14999999999999,0.0,0.0
G-457,12.849999999999996,74.24999999999999,0.0,0.0
G-458,12.849999999999996,74.34999999999998,0.0,0.0
G-459,12.849999999999996,74.44999999999997,0.0,0.0
G-460,12.849999999999996,74.54999999999997,0.0,0.0003960396
G-461,12.849999999999996,74.64999999999996,0.0,0.013465348
G-462,12.849999999999996,74.74999999999996,0.0,0.018877888
G-463,12.849999999999996,74.84999999999995,0.009900990099009901,0.022574257
G-464,12.849999999999996,74.94999999999995,0.026402640264026403,0.02508251
G-465,12.849999999999996,75.04999999999994,0.009900990099009901,0.026666667
G-466,12.849999999999996,75.14999999999993,0.009900990099009901,0.016105615
G-467,12.849999999999996,75.24999999999993,0.006600660066006601,0.01848185
G-468,12.849999999999996,75.34999999999992,0.009900990099009901,0.026534658
G-469,12.849999999999996,75.44999999999992,0.04950495049504951,0.035247527
G-470,12.849999999999996,75.54999999999991,0.07590759075907591,0.041056108
G-471,12.849999999999996,75.6499999999999,0.09570957095709572,0.044224426
G-472,12.849999999999996,75.7499999999999,0.0462046204620462,0.048448853
G-473,12.849999999999996,75.8499999999999,0.0429042904290429,0.05320132
G-474,12.849999999999996,75.94999999999989,0.066006600660066,0.05280529
G-475,12.849999999999996,76.04999999999988,0.0891089108910891,0.05399342
G-476,12.849999999999996,76.14999999999988,0.0627062706270627,0.05372938
G-477,12.849999999999996,76.24999999999987,0.0462046204620462,0.047656775
G-478,12.849999999999996,76.34999999999987,0.0165016501650165,0.040528055
G-479,12.849999999999996,76.44999999999986,0.0,0.046600666
G-480,12.849999999999996,76.54999999999986,0.04950495049504951,0.058349844
G-481,12.849999999999996,76.64999999999985,0.11221122112211221,0.0728713
G-482,12.849999999999996,76.74999999999984,0.12871287128712872,0.07960398
G-483,12.849999999999996,76.84999999999984,0.13861386138613863,0.08541259
G-484,12.849999999999996,76.94999999999983,0.0594059405940594,0.08686473
G-485,12.849999999999996,77.04999999999983,0.10231023102310231,0.08673269
G-486,12.849999999999996,77.14999999999982,0.09900990099009901,0.09082512
G-487,12.849999999999996,77.24999999999982,0.11221122112211221,0.0987459
G-488,12.849999999999996,77.34999999999981,0.1485148514851485,0.083564356
G-489,12.849999999999996,77.4499999999998,0.16831683168316833,0.06521452
G-490,12.949999999999996,74.05,0.0,0.0
G-491,12.949999999999996,74.14999999999999,0.0,0.0
G-492,12.949999999999996,74.24999999999999,0.0,0.0
G-493,12.949999999999996,74.34999999999998,0.0,0.0
G-494,12.949999999999996,74.44999999999997,0.0,0.0
G-495,12.949999999999996,74.54999999999997,0.0,0.002640264
G-496,12.949999999999996,74.64999999999996,0.0,0.018877888
G-497,12.949999999999996,74.74999999999996,0.0,0.023630364
G-498,12.949999999999996,74.84999999999995,0.1485148514851485,0.02627063
G-499,12.949999999999996,74.94999999999995,0.019801980198019802,0.02745875
G-500,12.949999999999996,75.04999999999994,0.013201320132013201,0.03049505
G-501,12.949999999999996,75.14999999999993,0.0033003300330033004,0.020330034
G-502,12.949999999999996,75.24999999999993,0.0033003300330033004,0.024950493
G-503,12.949999999999996,75.34999999999992,0.0165016501650165,0.03445544
G-504,12.949999999999996,75.44999999999992,0.04950495049504951,0.043960396
G-505,12.949999999999996,75.54999999999991,0.06930693069306931,0.044752467
G-506,12.949999999999996,75.6499999999999,0.09900990099009901,0.046468645
G-507,12.949999999999996,75.7499999999999,0.0165016501650165,0.05135313
G-508,12.949999999999996,75.8499999999999,0.0165016501650165,0.058349837
G-509,12.949999999999996,75.94999999999989,0.07260726072607261,0.063102305
G-510,12.949999999999996,76.04999999999988,0.11221122112211221,0.06732674
G-511,12.949999999999996,76.14999999999988,0.10231023102310231,0.06508251
G-512,12.949999999999996,76.24999999999987,0.04950495049504951,0.053861383
G-513,12.949999999999996,76.34999999999987,0.0297029702970297,0.042904302
G-514,12.949999999999996,76.44999999999986,0.009900990099009901,0.039999995
G-515,12.949999999999996,76.54999999999986,0.009900990099009901,0.046204623
G-516,12.949999999999996,76.64999999999985,0.04950495049504951,0.059009906
G-517,12.949999999999996,76.74999999999984,0.11221122112211221,0.067722775
G-518,12.949999999999996,76.84999999999984,0.12211221122112212,0.07432344
G-519,12.949999999999996,76.94999999999983,0.09570957095709572,0.08237624
G-520,12.949999999999996,77.04999999999983,0.0891089108910891,0.09056105
G-521,12.949999999999996,77.14999999999982,0.0594059405940594,0.09716171
G-522,12.949999999999996,77.24999999999982,0.10231023102310231,0.10798678
G-523,12.949999999999996,77.34999999999981,0.12211221122112212,0.093201295
G-524,12.949999999999996,77.4499999999998,0.0627062706270627,0.072607234
G-525,13.049999999999995,74.05,0.0,0.0
G-526,13.049999999999995,74.14999999999999,0.0,0.0
G-527,13.049999999999995,74.24999999999999,0.0,0.0
G-528,13.049999999999995,74.34999999999998,0.0,0.0
G-529,13.049999999999995,74.44999999999997,0.0,0.0
G-530,13.049999999999995,74.54999999999997,0.0,0.003960396
G-531,13.049999999999995,74.64999999999996,0.0,0.021254128
G-532,13.049999999999995,74.74999999999996,0.009900990099009901,0.024554456
G-533,13.049999999999995,74.84999999999995,0.1485148514851485,0.026666667
G-534,13.049999999999995,74.94999999999995,0.006600660066006601,0.028250828
G-535,13.049999999999995,75.04999999999994,0.0231023102310231,0.034455452
G-536,13.049999999999995,75.14999999999993,0.0,0.025214521
G-537,13.049999999999995,75.24999999999993,0.0231023102310231,0.030891092
G-538,13.049999999999995,75.34999999999992,0.006600660066006601,0.041716173
G-539,13.049999999999995,75.44999999999992,0.0627062706270627,0.04963696
G-540,13.049999999999995,75.54999999999991,0.10231023102310231,0.04369637
G-541,13.049999999999995,75.6499999999999,0.009900990099009901,0.044224426
G-542,13.049999999999995,75.7499999999999,0.009900990099009901,0.05122112
G-543,13.049999999999995,75.8499999999999,0.039603960396039604,0.056237616
G-544,13.049999999999995,75.94999999999989,0.07920792079207921,0.06627061
G-545,13.049999999999995,76.04999999999988,0.0891089108910891,0.07326732
G-546,13.049999999999995,76.14999999999988,0.04950495049504951,0.06930693
G-547,13.049999999999995,76.24999999999987,0.039603960396039604,0.05636964
G-548,13.049999999999995,76.34999999999987,0.019801980198019802,0.045808583
G-549,13.049999999999995,76.44999999999986,0.0297029702970297,0.035643578
G-550,13.049999999999995,76.54999999999986,0.026402640264026403,0.039867982
G-551,13.049999999999995,76.64999999999985,0.0165016501650165,0.051089097
G-552,13.049999999999995,76.74999999999984,0.0924092409240924,0.05966996
G-553,13.049999999999995,76.84999999999984,0.07590759075907591,0.06363037
G-554,13.049999999999995,76.94999999999983,0.052805280528052806,0.07207922
G-555,13.049999999999995,77.04999999999983,0.0165016501650165,0.0839604
G-556,13.049999999999995,77.14999999999982,0.0891089108910891,0.09491753
G-557,13.049999999999995,77.24999999999982,0.1188118811881188,0.1089109
G-558,13.049999999999995,77.34999999999981,0.0858085808580858,0.09755775
G-559,13.049999999999995,77.4499999999998,0.04950495049504951,0.079735965
G-560,13.149999999999995,74.05,0.0,0.0
G-561,13.149999999999995,74.14999999999999,0.0,0.0
G-562,13.149999999999995,74.24999999999999,0.0,0.0
G-563,13.149999999999995,74.34999999999998,0.0,0.0
G-564,13.149999999999995,74.44999999999997,0.0,0.0
G-565,13.149999999999995,74.54999999999997,0.0,0.005280528
G-566,13.149999999999995,74.64999999999996,0.0,0.023234326
G-567,13.149999999999995,74.74999999999996,0.056105610561056105,0.02574258
G-568,13.149999999999995,74.84999999999995,0.07920792079207921,0.027986802
G-569,13.149999999999995,74.94999999999995,0.009900990099009901,0.031683173
G-570,13.149999999999995,75.04999999999994,0.0,0.03775578
G-571,13.149999999999995,75.14999999999993,0.0033003300330033004,0.027722776
G-572,13.149999999999995,75.24999999999993,0.10231023102310231,0.032475244
G-573,13.149999999999995,75.34999999999992,0.09900990099009901,0.041848183
G-574,13.149999999999995,75.44999999999992,0.052805280528052806,0.045280527
G-575,13.149999999999995,75.54999999999991,0.0231023102310231,0.03841583
G-576,13.149999999999995,75.6499999999999,0.013201320132013201,0.041056104
G-577,13.149999999999995,75.7499999999999,0.019801980198019802,0.05174918
G-578,13.149999999999995,75.8499999999999,0.056105610561056105,0.05729374
G-579,13.149999999999995,75.94999999999989,0.0858085808580858,0.07049506
G-580,13.149999999999995,76.04999999999988,0.10231023102310231,0.08026403
G-581,13.149999999999995,76.14999999999988,0.13861386138613863,0.077359736
G-582,13.149999999999995,76.24999999999987,0.08250825082508251,0.06442241
G-583,13.149999999999995,76.34999999999987,0.026402640264026403,0.05650161
G-584,13.149999999999995,76.44999999999986,0.006600660066006601,0.044224378
G-585,13.149999999999995,76.54999999999986,0.0297029702970297,0.04567652
G-586,13.149999999999995,76.64999999999985,0.013201320132013201,0.050296992
G-587,13.149999999999995,76.74999999999984,0.0033003300330033004,0.056501646
G-588,13.149999999999995,76.84999999999984,0.033003300330033,0.05623764
G-589,13.149999999999995,76.94999999999983,0.036303630363036306,0.067326754
G-590,13.149999999999995,77.04999999999983,0.036303630363036306,0.07947197
G-591,13.149999999999995,77.14999999999982,0.12211221122112212,0.094653495
G-592,13.149999999999995,77.24999999999982,0.1782178217821782,0.11194721
G-593,13.149999999999995,77.34999999999981,0.1188118811881188,0.10297032
G-594,13.149999999999995,77.4499999999998,0.1419141914191419,0.08382839
G-595,13.249999999999995,74.05,0.0,0.0
G-596,13.249999999999995,74.14999999999999,0.0,0.0
G-597,13.249999999999995,74.24999999999999,0.0,0.0
G-598,13.249999999999995,74.34999999999998,0.0,0.0
G-599,13.249999999999995,74.44999999999997,0.0,0.0
G-600,13.249999999999995,74.54999999999997,0.0,0.006468647
G-601,13.249999999999995,74.64999999999996,0.0,0.018613864
G-602,13.249999999999995,74.74999999999996,0.033003300330033,0.020594062
G-603,13.249999999999995,74.84999999999995,0.0462046204620462,0.0229703
G-604,13.249999999999995,74.94999999999995,0.019801980198019802,0.027986802
G-605,13.249999999999995,75.04999999999994,0.006600660066006601,0.032739278
G-606,13.249999999999995,75.14999999999993,0.0231023102310231,0.02785479
G-607,13.249999999999995,75.24999999999993,0.1188118811881188,0.03221123
G-608,13.249999999999995,75.34999999999992,0.06930693069306931,0.040924102
G-609,13.249999999999995,75.44999999999992,0.009900990099009901,0.04052806
G-610,13.249999999999995,75.54999999999991,0.052805280528052806,0.03511551
G-611,13.249999999999995,75.6499999999999,0.019801980198019802,0.04171617
G-612,13.249999999999995,75.7499999999999,0.013201320132013201,0.05293728
G-613,13.249999999999995,75.8499999999999,0.0594059405940594,0.055973582
G-614,13.249999999999995,75.94999999999989,0.09570957095709572,0.068382815
G-615,13.249999999999995,76.04999999999988,0.056105610561056105,0.07735972
G-616,13.249999999999995,76.14999999999988,0.1353135313531353,0.072871275
G-617,13.249999999999995,76.24999999999987,0.0627062706270627,0.061518155
G-618,13.249999999999995,76.34999999999987,0.0231023102310231,0.057029694
G-619,13.249999999999995,76.44999999999986,0.0297029702970297,0.052409247
G-620,13.249999999999995,76.54999999999986,0.06930693069306931,0.05531353
G-621,13.249999999999995,76.64999999999985,0.0429042904290429,0.056897677
G-622,13.249999999999995,76.74999999999984,0.04950495049504951,0.059537943
G-623,13.249999999999995,76.84999999999984,0.026402640264026403,0.057557773
G-624,13.249999999999995,76.94999999999983,0.0462046204620462,0.06679869
G-625,13.249999999999995,77.04999999999983,0.039603960396039604,0.07603962
G-626,13.249999999999995,77.14999999999982,0.07590759075907591,0.089769
G-627,13.249999999999995,77.24999999999982,0.1716171617161716,0.112475246
G-628,13.249999999999995,77.34999999999981,0.19471947194719472,0.104818456
G-629,13.249999999999995,77.4499999999998,0.21782178217821782,0.0831683
G-630,13.349999999999994,74.05,0.0,0.0
G-631,13.349999999999994,74.14999999999999,0.0,0.0
G-632,13.349999999999994,74.24999999999999,0.0,0.0
G-633,13.349999999999994,74.34999999999998,0.0,0.0
G-634,13.349999999999994,74.44999999999997,0.0,0.0002640264
G-635,13.349999999999994,74.54999999999997,0.0,0.0072607268
G-636,13.349999999999994,74.64999999999996,0.0,0.014125414
G-637,13.349999999999994,74.74999999999996,0.033003300330033,0.016369639
G-638,13.349999999999994,74.84999999999995,0.026402640264026403,0.017953796
G-639,13.349999999999994,74.94999999999995,0.006600660066006601,0.022838285
G-640,13.349999999999994,75.04999999999994,0.013201320132013201,0.026402643
G-641,13.349999999999994,75.14999999999993,0.0627062706270627,0.026666665
G-642,13.349999999999994,75.24999999999993,0.036303630363036306,0.030231027
G-643,13.349999999999994,75.34999999999992,0.006600660066006601,0.038415845
G-644,13.349999999999994,75.44999999999992,0.006600660066006601,0.037755776
G-645,13.349999999999994,75.54999999999991,0.0429042904290429,0.0340594
G-646,13.349999999999994,75.6499999999999,0.036303630363036306,0.045412544
G-647,13.349999999999994,75.7499999999999,0.052805280528052806,0.057029694
G-648,13.349999999999994,75.8499999999999,0.0924092409240924,0.05900988
G-649,13.349999999999994,75.94999999999989,0.11551155115511551,0.07089107
G-650,13.349999999999994,76.04999999999988,0.06930693069306931,0.07894387
G-651,13.349999999999994,76.14999999999988,0.08250825082508251,0.070231
G-652,13.349999999999994,76.24999999999987,0.12211221122112212,0.058613844
G-653,13.349999999999994,76.34999999999987,0.0924092409240924,0.05584158
G-654,13.349999999999994,76.44999999999986,0.04950495049504951,0.054653473
G-655,13.349999999999994,76.54999999999986,0.09570957095709572,0.060594063
G-656,13.349999999999994,76.64999999999985,0.07920792079207921,0.06429043
G-657,13.349999999999994,76.74999999999984,0.1353135313531353,0.06943896
G-658,13.349999999999994,76.84999999999984,0.04950495049504951,0.07260725
G-659,13.349999999999994,76.94999999999983,0.04950495049504951,0.08039604
G-660,13.349999999999994,77.04999999999983,0.0429042904290429,0.08422443
G-661,13.349999999999994,77.14999999999982,0.132013201320132,0.0947855
G-662,13.349999999999994,77.24999999999982,0.1254125412541254,0.11696369
G-663,13.349999999999994,77.34999999999981,0.16501650165016502,0.10481849
G-664,13.349999999999994,77.4499999999998,0.24092409240924093,0.08184818
G-665,13.449999999999994,74.05,0.0,0.0
G-666,13.449999999999994,74.14999999999999,0.0,0.0
G-667,13.449999999999994,74.24999999999999,0.0,0.0
G-668,13.449999999999994,74.34999999999998,0.0,0.0
G-669,13.449999999999994,74.44999999999997,0.0,0.00039603963
G-670,13.449999999999994,74.54999999999997,0.0,0.005412542
G-671,13.449999999999994,74.64999999999996,0.0,0.009240926
G-672,13.449999999999994,74.74999999999996,0.0297029702970297,0.011221123
G-673,13.449999999999994,74.84999999999995,0.0033003300330033004,0.01280528
G-674,13.449999999999994,74.94999999999995,0.006600660066006601,0.017557757
G-675,13.449999999999994,75.04999999999994,0.0165016501650165,0.019009903
G-676,13.449999999999994,75.14999999999993,0.036303630363036306,0.018613864
G-677,13.449999999999994,75.24999999999993,0.0,0.020594068
G-678,13.449999999999994,75.34999999999992,0.0,0.028250838
G-679,13.449999999999994,75.44999999999992,0.026402640264026403,0.027062712
G-680,13.449999999999994,75.54999999999991,0.056105610561056105,0.029967012
G-681,13.449999999999994,75.6499999999999,0.036303630363036306,0.047392756
G-682,13.449999999999994,75.7499999999999,0.04950495049504951,0.059669975
G-683,13.449999999999994,75.8499999999999,0.09900990099009901,0.05821783
G-684,13.449999999999994,75.94999999999989,0.0627062706270627,0.06561057
G-685,13.449999999999994,76.04999999999988,0.036303630363036306,0.06891088
G-686,13.449999999999994,76.14999999999988,0.019801980198019802,0.05768977
G-687,13.449999999999994,76.24999999999987,0.0627062706270627,0.050561056
G-688,13.449999999999994,76.34999999999987,0.07260726072607261,0.055973604
G-689,13.449999999999994,76.44999999999986,0.039603960396039604,0.06455448
G-690,13.449999999999994,76.54999999999986,0.019801980198019802,0.07603964
G-691,13.449999999999994,76.64999999999985,0.15841584158415842,0.08092411
G-692,13.449999999999994,76.74999999999984,0.1617161716171617,0.082640246
G-693,13.449999999999994,76.84999999999984,0.0891089108910891,0.08382834
G-694,13.449999999999994,76.94999999999983,0.036303630363036306,0.08607256
G-695,13.449999999999994,77.04999999999983,0.056105610561056105,0.08316826
G-696,13.449999999999994,77.14999999999982,0.12211221122112212,0.09148506
G-697,13.449999999999994,77.24999999999982,0.07920792079207921,0.11049503
G-698,13.449999999999994,77.34999999999981,0.052805280528052806,0.09610561
G-699,13.449999999999994,77.4499999999998,0.13861386138613863,0.07392738
G-700,13.549999999999994,74.05,0.0,0.0
G-701,13.549999999999994,74.14999999999999,0.0,0.0
G-702,13.549999999999994,74.24999999999999,0.0,0.0
G-703,13.549999999999994,74.34999999999998,0.0,0.0
G-704,13.549999999999994,74.44999999999997,0.0,0.00039603963
G-705,13.549999999999994,74.54999999999997,0.0,0.0042244224
G-706,13.549999999999994,74.64999999999996,0.006600660066006601,0.006468649
G-707,13.549999999999994,74.74999999999996,0.0231023102310231,0.00765677
G-708,13.549999999999994,74.84999999999995,0.0165016501650165,0.009240928
G-709,13.549999999999994,74.94999999999995,0.013201320132013201,0.013597362
G-710,13.549999999999994,75.04999999999994,0.0033003300330033004,0.011881187
G-711,13.549999999999994,75.14999999999993,0.0033003300330033004,0.010429039
G-712,13.549999999999994,75.24999999999993,0.006600660066006601,0.013597351
G-713,13.549999999999994,75.34999999999992,0.0033003300330033004,0.021254115
G-714,13.549999999999994,75.44999999999992,0.04950495049504951,0.022310223
G-715,13.549999999999994,75.54999999999991,0.06930693069306931,0.032607254
G-716,13.549999999999994,75.6499999999999,0.006600660066006601,0.05386139
G-717,13.549999999999994,75.7499999999999,0.036303630363036306,0.06508251
G-718,13.549999999999994,75.8499999999999,0.1551155115511551,0.061782196
G-719,13.549999999999994,75.94999999999989,0.07590759075907591,0.06257426
G-720,13.549999999999994,76.04999999999988,0.0297029702970297,0.06165016
G-721,13.549999999999994,76.14999999999988,0.033003300330033,0.048712835
G-722,13.549999999999994,76.24999999999987,0.0429042904290429,0.045676537
G-723,13.549999999999994,76.34999999999987,0.0297029702970297,0.0583498
G-724,13.549999999999994,76.44999999999986,0.019801980198019802,0.07471945
G-725,13.549999999999994,76.54999999999986,0.009900990099009901,0.08805281
G-726,13.549999999999994,76.64999999999985,0.0858085808580858,0.09412542
G-727,13.549999999999994,76.74999999999984,0.1716171617161716,0.091485135
G-728,13.549999999999994,76.84999999999984,0.13861386138613863,0.08752474
G-729,13.549999999999994,76.94999999999983,0.10561056105610561,0.08501648
G-730,13.549999999999994,77.04999999999983,0.12871287128712872,0.07709564
G-731,13.549999999999994,77.14999999999982,0.12211221122112212,0.07907585
G-732,13.549999999999994,77.24999999999982,0.0627062706270627,0.092541195
G-733,13.549999999999994,77.34999999999981,0.06930693069306931,0.07788773
G-734,13.549999999999994,77.4499999999998,0.0891089108910891,0.05742569
G-735,13.649999999999993,74.05,0.0,0.0
G-736,13.649999999999993,74.14999999999999,0.0,0.0
G-737,13.649999999999993,74.24999999999999,0.0,0.0
G-738,13.649999999999993,74.34999999999998,0.0,0.0
G-739,13.649999999999993,74.44999999999997,0.0,0.0005280528
G-740,13.649999999999993,74.54999999999997,0.0,0.0036963702
G-741,13.649999999999993,74.64999999999996,0.0033003300330033004,0.005280528
G-742,13.649999999999993,74.74999999999996,0.006600660066006601,0.006864686
G-743,13.649999999999993,74.84999999999995,0.0033003300330033004,0.008448844
G-744,13.649999999999993,74.94999999999995,0.0033003300330033004,0.01069307
G-745,13.649999999999993,75.04999999999994,0.0,0.0092409225
G-746,13.649999999999993,75.14999999999993,0.0033003300330033004,0.008580856
G-747,13.649999999999993,75.24999999999993,0.0,0.01306931
G-748,13.649999999999993,75.34999999999992,0.006600660066006601,0.020858092
G-749,13.649999999999993,75.44999999999992,0.006600660066006601,0.025610572
G-750,13.649999999999993,75.54999999999991,0.009900990099009901,0.03709572
G-751,13.649999999999993,75.6499999999999,0.0,0.060726076
G-752,13.649999999999993,75.7499999999999,0.08250825082508251,0.06970296
G-753,13.649999999999993,75.8499999999999,0.11551155115511551,0.067986764
G-754,13.649999999999993,75.94999999999989,0.056105610561056105,0.06521449
G-755,13.649999999999993,76.04999999999988,0.0033003300330033004,0.06217821
G-756,13.649999999999993,76.14999999999988,0.013201320132013201,0.045676555
G-757,13.649999999999993,76.24999999999987,0.026402640264026403,0.045808602
G-758,13.649999999999993,76.34999999999987,0.0231023102310231,0.060858116
G-759,13.649999999999993,76.44999999999986,0.0891089108910891,0.07841585
G-760,13.649999999999993,76.54999999999986,0.1353135313531353,0.08950493
G-761,13.649999999999993,76.64999999999985,0.132013201320132,0.09676563
G-762,13.649999999999993,76.74999999999984,0.0858085808580858,0.090692975
G-763,13.649999999999993,76.84999999999984,0.0594059405940594,0.08224415
G-764,13.649999999999993,76.94999999999983,0.033003300330033,0.076963656
G-765,13.649999999999993,77.04999999999983,0.0924092409240924,0.07009895
G-766,13.649999999999993,77.14999999999982,0.10231023102310231,0.06666664
G-767,13.649999999999993,77.24999999999982,0.0924092409240924,0.0731353
G-768,13.649999999999993,77.34999999999981,0.0891089108910891,0.05887787
G-769,13.649999999999993,77.4499999999998,0.0594059405940594,0.041848145
G-770,13.749999999999993,74.05,0.0,0.0
G-771,13.749999999999993,74.14999999999999,0.0,0.0
G-772,13.749999999999993,74.24999999999999,0.0,0.0
G-773,13.749999999999993,74.34999999999998,0.0,0.0005280528
G-774,13.749999999999993,74.44999999999997,0.0,0.0014521453
G-775,13.749999999999993,74.54999999999997,0.0,0.004620462
G-776,13.749999999999993,74.64999999999996,0.0,0.0064686467
G-777,13.749999999999993,74.74999999999996,0.0033003300330033004,0.008844881
G-778,13.749999999999993,74.84999999999995,0.006600660066006601,0.010032998
G-779,13.749999999999993,74.94999999999995,0.0,0.0110891005
G-780,13.749999999999993,75.04999999999994,0.006600660066006601,0.010693059
G-781,13.749999999999993,75.14999999999993,0.013201320132013201,0.010429032
G-782,13.749999999999993,75.24999999999993,0.009900990099009901,0.016105603
G-783,13.749999999999993,75.34999999999992,0.0033003300330033004,0.025082497
G-784,13.749999999999993,75.44999999999992,0.019801980198019802,0.030759068
G-785,13.749999999999993,75.54999999999991,0.052805280528052806,0.0419802
G-786,13.749999999999993,75.6499999999999,0.066006600660066,0.067854784
G-787,13.749999999999993,75.7499999999999,0.0891089108910891,0.07709572
G-788,13.749999999999993,75.8499999999999,0.0891089108910891,0.07656766
G-789,13.749999999999993,75.94999999999989,0.07920792079207921,0.07498351
G-790,13.749999999999993,76.04999999999988,0.009900990099009901,0.074455455
G-791,13.749999999999993,76.14999999999988,0.0165016501650165,0.058481827
G-792,13.749999999999993,76.24999999999987,0.033003300330033,0.06178215
G-793,13.749999999999993,76.34999999999987,0.009900990099009901,0.078811854
G-794,13.749999999999993,76.44999999999986,0.11551155115511551,0.09095705
G-795,13.749999999999993,76.54999999999986,0.20462046204620463,0.09346533
G-796,13.749999999999993,76.64999999999985,0.1188118811881188,0.09531353
G-797,13.749999999999993,76.74999999999984,0.066006600660066,0.08369633
G-798,13.749999999999993,76.84999999999984,0.0429042904290429,0.069570884
G-799,13.749999999999993,76.94999999999983,0.0231023102310231,0.06521446
G-800,13.749999999999993,77.04999999999983,0.0462046204620462,0.06323422
G-801,13.749999999999993,77.14999999999982,0.033003300330033,0.061914064
G-802,13.749999999999993,77.24999999999982,0.0627062706270627,0.064158365
G-803,13.749999999999993,77.34999999999981,0.052805280528052806,0.051089097
G-804,13.749999999999993,77.4499999999998,0.056105610561056105,0.037227705
G-805,13.849999999999993,74.05,0.0,0.0
G-806,13.849999999999993,74.14999999999999,0.0,0.0
G-807,13.849999999999993,74.24999999999999,0.0,0.0
G-808,13.849999999999993,74.34999999999998,0.0,0.0010561056
G-809,13.849999999999993,74.44999999999997,0.0,0.001848185
G-810,13.849999999999993,74.54999999999997,0.0,0.0046204613
G-811,13.849999999999993,74.64999999999996,0.0033003300330033004,0.0062046195
G-812,13.849999999999993,74.74999999999996,0.0165016501650165,0.008712869
G-813,13.849999999999993,74.84999999999995,0.009900990099009901,0.010693066
G-814,13.849999999999993,74.94999999999995,0.0165016501650165,0.013333333
G-815,13.849999999999993,75.04999999999994,0.013201320132013201,0.014785481
G-816,13.849999999999993,75.14999999999993,0.013201320132013201,0.018745875
G-817,13.849999999999993,75.24999999999993,0.026402640264026403,0.027458739
G-818,13.849999999999993,75.34999999999992,0.009900990099009901,0.03960395
G-819,13.849999999999993,75.44999999999992,0.04950495049504951,0.046864666
G-820,13.849999999999993,75.54999999999991,0.0462046204620462,0.057689756
G-821,13.849999999999993,75.6499999999999,0.07920792079207921,0.07854783
G-822,13.849999999999993,75.7499999999999,0.07260726072607261,0.083960384
G-823,13.849999999999993,75.8499999999999,0.1551155115511551,0.07947192
G-824,13.849999999999993,75.94999999999989,0.10231023102310231,0.07709568
G-825,13.849999999999993,76.04999999999988,0.11221122112211221,0.0792079
G-826,13.849999999999993,76.14999999999988,0.036303630363036306,0.069834955
G-827,13.849999999999993,76.24999999999987,0.0891089108910891,0.08052803
G-828,13.849999999999993,76.34999999999987,0.066006600660066,0.099537924
G-829,13.849999999999993,76.44999999999986,0.11551155115511551,0.10798678
G-830,13.849999999999993,76.54999999999986,0.19801980198019803,0.1025742
G-831,13.849999999999993,76.64999999999985,0.0627062706270627,0.0946534
G-832,13.849999999999993,76.74999999999984,0.0462046204620462,0.07313523
G-833,13.849999999999993,76.84999999999984,0.052805280528052806,0.05214512
G-834,13.849999999999993,76.94999999999983,0.0297029702970297,0.04475239
G-835,13.849999999999993,77.04999999999983,0.033003300330033,0.047260664
G-836,13.849999999999993,77.14999999999982,0.0462046204620462,0.04990097
G-837,13.849999999999993,77.24999999999982,0.0627062706270627,0.053201295
G-838,13.849999999999993,77.34999999999981,0.033003300330033,0.04448845
G-839,13.849999999999993,77.4499999999998,0.0462046204620462,0.03511551
G-840,13.949999999999992,74.05,0.0,0.0
G-841,13.949999999999992,74.14999999999999,0.0,0.0
G-842,13.949999999999992,74.24999999999999,0.0,0.0002640264
G-843,13.949999999999992,74.34999999999998,0.0,0.001320132
G-844,13.949999999999992,74.44999999999997,0.0,0.0019801978
G-845,13.949999999999992,74.54999999999997,0.013201320132013201,0.0044884477
G-846,13.949999999999992,74.64999999999996,0.009900990099009901,0.0060726046
G-847,13.949999999999992,74.74999999999996,0.0297029702970297,0.00858086
G-848,13.949999999999992,74.84999999999995,0.009900990099009901,0.012805282
G-849,13.949999999999992,74.94999999999995,0.026402640264026403,0.017425744
G-850,13.949999999999992,75.04999999999994,0.019801980198019802,0.022970304
G-851,13.949999999999992,75.14999999999993,0.0165016501650165,0.031815186
G-852,13.949999999999992,75.24999999999993,0.026402640264026403,0.04567657
G-853,13.949999999999992,75.34999999999992,0.0165016501650165,0.057557754
G-854,13.949999999999992,75.44999999999992,0.07590759075907591,0.063630365
G-855,13.949999999999992,75.54999999999991,0.0891089108910891,0.072871275
G-856,13.949999999999992,75.6499999999999,0.039603960396039604,0.09148513
G-857,13.949999999999992,75.7499999999999,0.06930693069306931,0.08963697
G-858,13.949999999999992,75.8499999999999,0.1716171617161716,0.08567654
G-859,13.949999999999992,75.94999999999989,0.1188118811881188,0.08884485
G-860,13.949999999999992,76.04999999999988,0.09900990099009901,0.09320131
G-861,13.949999999999992,76.14999999999988,0.052805280528052806,0.08356432
G-862,13.949999999999992,76.24999999999987,0.14521452145214522,0.09729368
G-863,13.949999999999992,76.34999999999987,0.15841584158415842,0.110495016
G-864,13.949999999999992,76.44999999999986,0.17491749174917492,0.10917486
G-865,13.949999999999992,76.54999999999986,0.132013201320132,0.096897624
G-866,13.949999999999992,76.64999999999985,0.056105610561056105,0.085148506
G-867,13.949999999999992,76.74999999999984,0.0297029702970297,0.061914217
G-868,13.949999999999992,76.84999999999984,0.039603960396039604,0.04330036
G-869,13.949999999999992,76.94999999999983,0.033003300330033,0.039075967
G-870,13.949999999999992,77.04999999999983,0.026402640264026403,0.04330044
G-871,13.949999999999992,77.14999999999982,0.0429042904290429,0.046732828
G-872,13.949999999999992,77.24999999999982,0.06930693069306931,0.049637146
G-873,13.949999999999992,77.34999999999981,0.056105610561056105,0.041848373
G-874,13.949999999999992,77.4499999999998,0.0297029702970297,0.032871474
G-875,14.049999999999992,74.05,0.0,0.0
G-876,14.049999999999992,74.14999999999999,0.0,0.0
G-877,14.049999999999992,74.24999999999999,0.0,0.00079207926
G-878,14.049999999999992,74.34999999999998,0.0,0.001980198
G-879,14.049999999999992,74.44999999999997,0.0,0.002640264
G-880,14.049999999999992,74.54999999999997,0.013201320132013201,0.005148515
G-881,14.049999999999992,74.64999999999996,0.0033003300330033004,0.006996696
G-882,14.049999999999992,74.74999999999996,0.013201320132013201,0.0100329975
G-883,14.049999999999992,74.84999999999995,0.009900990099009901,0.016237618
G-884,14.049999999999992,74.94999999999995,0.0165016501650165,0.023630358
G-885,14.049999999999992,75.04999999999994,0.036303630363036306,0.03247525
G-886,14.049999999999992,75.14999999999993,0.039603960396039604,0.04343235
G-887,14.049999999999992,75.24999999999993,0.0429042904290429,0.062046226
G-888,14.049999999999992,75.34999999999992,0.10231023102310231,0.07445547
G-889,14.049999999999992,75.44999999999992,0.12871287128712872,0.07643566
G-890,14.049999999999992,75.54999999999991,0.18151815181518152,0.083036326
G-891,14.049999999999992,75.6499999999999,0.08250825082508251,0.09676568
G-892,14.049999999999992,75.7499999999999,0.0627062706270627,0.086072594
G-893,14.049999999999992,75.8499999999999,0.12871287128712872,0.080263995
G-894,14.049999999999992,75.94999999999989,0.0594059405940594,0.08937291
G-895,14.049999999999992,76.04999999999988,0.0429042904290429,0.09478546
G-896,14.049999999999992,76.14999999999988,0.0891089108910891,0.08937296
G-897,14.049999999999992,76.24999999999987,0.1353135313531353,0.10508255
G-898,14.049999999999992,76.34999999999987,0.16831683168316833,0.11141918
G-899,14.049999999999992,76.44999999999986,0.18811881188118812,0.10138618
G-900,14.049999999999992,76.54999999999986,0.07260726072607261,0.08646866
G-901,14.049999999999992,76.64999999999985,0.04950495049504951,0.072343215
G-902,14.049999999999992,76.74999999999984,0.066006600660066,0.04990101
G-903,14.049999999999992,76.84999999999984,0.033003300330033,0.038415834
G-904,14.049999999999992,76.94999999999983,0.026402640264026403,0.042376213
G-905,14.049999999999992,77.04999999999983,0.019801980198019802,0.0489769
G-906,14.049999999999992,77.14999999999982,0.009900990099009901,0.053861313
G-907,14.049999999999992,77.24999999999982,0.06930693069306931,0.057425614
G-908,14.049999999999992,77.34999999999981,0.0627062706270627,0.04858078
G-909,14.049999999999992,77.4499999999998,0.036303630363036306,0.035511475
G-910,14.149999999999991,74.05,0.0,0.0
G-911,14.149999999999991,74.14999999999999,0.0,0.0
G-912,14.149999999999991,74.24999999999999,0.0,0.001188119
G-913,14.149999999999991,74.34999999999998,0.0,0.002376238
G-914,14.149999999999991,74.44999999999997,0.006600660066006601,0.003036304
G-915,14.149999999999991,74.54999999999997,0.0,0.005016502
G-916,14.149999999999991,74.64999999999996,0.0,0.0079207895
G-917,14.149999999999991,74.74999999999996,0.0,0.013597357
G-918,14.149999999999991,74.84999999999995,0.0033003300330033004,0.023102308
G-919,14.149999999999991,74.94999999999995,0.009900990099009901,0.033399332
G-920,14.149999999999991,75.04999999999994,0.056105610561056105,0.043036304
G-921,14.149999999999991,75.14999999999993,0.04950495049504951,0.055973604
G-922,14.149999999999991,75.24999999999993,0.09570957095709572,0.072475255
G-923,14.149999999999991,75.34999999999992,0.12871287128712872,0.08501651
G-924,14.149999999999991,75.44999999999992,0.1419141914191419,0.08422442
G-925,14.149999999999991,75.54999999999991,0.0594059405940594,0.090032995
G-926,14.149999999999991,75.6499999999999,0.0165016501650165,0.096105605
G-927,14.149999999999991,75.7499999999999,0.13861386138613863,0.081320144
G-928,14.149999999999991,75.8499999999999,0.18151815181518152,0.06904295
G-929,14.149999999999991,75.94999999999989,0.009900990099009901,0.07907596
G-930,14.149999999999991,76.04999999999988,0.066006600660066,0.082244284
G-931,14.149999999999991,76.14999999999988,0.16831683168316833,0.08158421
G-932,14.149999999999991,76.24999999999987,0.13861386138613863,0.09742579
G-933,14.149999999999991,76.34999999999987,0.08250825082508251,0.09980198
G-934,14.149999999999991,76.44999999999986,0.1188118811881188,0.08699673
G-935,14.149999999999991,76.54999999999986,0.052805280528052806,0.073927425
G-936,14.149999999999991,76.64999999999985,0.0429042904290429,0.05914196
G-937,14.149999999999991,76.74999999999984,0.026402640264026403,0.04039608
G-938,14.149999999999991,76.84999999999984,0.0231023102310231,0.035247575
G-939,14.149999999999991,76.94999999999983,0.019801980198019802,0.040264014
G-940,14.149999999999991,77.04999999999983,0.06930693069306931,0.046732634
G-941,14.149999999999991,77.14999999999982,0.0924092409240924,0.05346527
G-942,14.149999999999991,77.24999999999982,0.07590759075907591,0.05742569
G-943,14.149999999999991,77.34999999999981,0.07260726072607261,0.049240876
G-944,14.149999999999991,77.4499999999998,0.036303630363036306,0.036831666
G-945,14.249999999999991,74.05,0.0,0.0
G-946,14.249999999999991,74.14999999999999,0.0,0.0
G-947,14.249999999999991,74.24999999999999,0.0,0.0013201322
G-948,14.249999999999991,74.34999999999998,0.0,0.0022442248
G-949,14.249999999999991,74.44999999999997,0.013201320132013201,0.0026402643
G-950,14.249999999999991,74.54999999999997,0.0033003300330033004,0.0044884505
G-951,14.249999999999991,74.64999999999996,0.0,0.010825085
G-952,14.249999999999991,74.74999999999996,0.0033003300330033004,0.02072608
G-953,14.249999999999991,74.84999999999995,0.013201320132013201,0.03339935
G-954,14.249999999999991,74.94999999999995,0.026402640264026403,0.049240936
G-955,14.249999999999991,75.04999999999994,0.0594059405940594,0.06112213
G-956,14.249999999999991,75.14999999999993,0.08250825082508251,0.07247528
G-957,14.249999999999991,75.24999999999993,0.0924092409240924,0.082640275
G-958,14.249999999999991,75.34999999999992,0.0627062706270627,0.09056106
G-959,14.249999999999991,75.44999999999992,0.16501650165016502,0.08343237
G-960,14.249999999999991,75.54999999999991,0.1188118811881188,0.08514853
G-961,14.249999999999991,75.6499999999999,0.033003300330033,0.08435642
G-962,14.249999999999991,75.7499999999999,0.10561056105610561,0.06825083
G-963,14.249999999999991,75.8499999999999,0.026402640264026403,0.055445556
G-964,14.249999999999991,75.94999999999989,0.0033003300330033004,0.06640263
G-965,14.249999999999991,76.04999999999988,0.0297029702970297,0.06627062
G-966,14.249999999999991,76.14999999999988,0.132013201320132,0.066006586
G-967,14.249999999999991,76.24999999999987,0.07590759075907591,0.07881184
G-968,14.249999999999991,76.34999999999987,0.052805280528052806,0.07933987
G-969,14.249999999999991,76.44999999999986,0.0891089108910891,0.065478474
G-970,14.249999999999991,76.54999999999986,0.052805280528052806,0.05742569
G-971,14.249999999999991,76.64999999999985,0.0165016501650165,0.046204567
G-972,14.249999999999991,76.74999999999984,0.0429042904290429,0.03313534
G-973,14.249999999999991,76.84999999999984,0.026402640264026403,0.032211304
G-974,14.249999999999991,76.94999999999983,0.0165016501650165,0.03788788
G-975,14.249999999999991,77.04999999999983,0.07260726072607261,0.042772446
G-976,14.249999999999991,77.14999999999982,0.1353135313531353,0.051881485
G-977,14.249999999999991,77.24999999999982,0.09900990099009901,0.057690047
G-978,14.249999999999991,77.34999999999981,0.07260726072607261,0.04937317
G-979,14.249999999999991,77.4499999999998,0.066006600660066,0.03749199
G-980,14.34999999999999,74.05,0.0,0.0
G-981,14.34999999999999,74.14999999999999,0.0,0.0
G-982,14.34999999999999,74.24999999999999,0.0,0.0015841585
G-983,14.34999999999999,74.34999999999998,0.0,0.001980198
G-984,14.34999999999999,74.44999999999997,0.009900990099009901,0.0026402643
G-985,14.34999999999999,74.54999999999997,0.0,0.005280529
G-986,14.34999999999999,74.64999999999996,0.0033003300330033004,0.015181517
G-987,14.34999999999999,74.74999999999996,0.0033003300330033004,0.029042907
G-988,14.34999999999999,74.84999999999995,0.036303630363036306,0.043960396
G-989,14.34999999999999,74.94999999999995,0.0924092409240924,0.061782174
G-990,14.34999999999999,75.04999999999994,0.09570957095709572,0.07260726
G-991,14.34999999999999,75.14999999999993,0.0858085808580858,0.07907591
G-992,14.34999999999999,75.24999999999993,0.033003300330033,0.082112215
G-993,14.34999999999999,75.34999999999992,0.0858085808580858,0.0829043
G-994,14.34999999999999,75.44999999999992,0.07260726072607261,0.07207922
G-995,14.34999999999999,75.54999999999991,0.132013201320132,0.07419142
G-996,14.34999999999999,75.6499999999999,0.08250825082508251,0.07287127
G-997,14.34999999999999,75.7499999999999,0.0594059405940594,0.059009876
G-998,14.34999999999999,75.8499999999999,0.039603960396039604,0.05148516
G-999,14.34999999999999,75.94999999999989,0.0231023102310231,0.06125416
G-1000,14.34999999999999,76.04999999999988,0.036303630363036306,0.05702976
G-1001,14.34999999999999,76.14999999999988,0.0627062706270627,0.053069364
G-1002,14.34999999999999,76.24999999999987,0.019801980198019802,0.059670027
G-1003,14.34999999999999,76.34999999999987,0.06930693069306931,0.057557832
G-1004,14.34999999999999,76.44999999999986,0.039603960396039604,0.045148544
G-1005,14.34999999999999,76.54999999999986,0.0231023102310231,0.038679887
G-1006,14.34999999999999,76.64999999999985,0.019801980198019802,0.03234329
G-1007,14.34999999999999,76.74999999999984,0.0231023102310231,0.026138648
G-1008,14.34999999999999,76.84999999999984,0.039603960396039604,0.028514862
G-1009,14.34999999999999,76.94999999999983,0.0462046204620462,0.035907593
G-1010,14.34999999999999,77.04999999999983,0.0165016501650165,0.04132019
G-1011,14.34999999999999,77.14999999999982,0.0297029702970297,0.050825045
G-1012,14.34999999999999,77.24999999999982,0.036303630363036306,0.05663376
G-1013,14.34999999999999,77.34999999999981,0.066006600660066,0.047788847
G-1014,14.34999999999999,77.4499999999998,0.07260726072607261,0.035379637
G-1015,14.44999999999999,74.05,0.0,0.0001320132
G-1016,14.44999999999999,74.14999999999999,0.0,0.0007920792
G-1017,14.44999999999999,74.24999999999999,0.0,0.003036304
G-1018,14.44999999999999,74.34999999999998,0.0,0.003960396
G-1019,14.44999999999999,74.44999999999997,0.0033003300330033004,0.005148515
G-1020,14.44999999999999,74.54999999999997,0.006600660066006601,0.0083168335
G-1021,14.44999999999999,74.64999999999996,0.0033003300330033004,0.020990102
G-1022,14.44999999999999,74.74999999999996,0.026402640264026403,0.038811877
G-1023,14.44999999999999,74.84999999999995,0.09570957095709572,0.05689769
G-1024,14.44999999999999,74.94999999999995,0.1353135313531353,0.07485148
G-1025,14.44999999999999,75.04999999999994,0.0924092409240924,0.08580856
G-1026,14.44999999999999,75.14999999999993,0.1485148514851485,0.088580854
G-1027,14.44999999999999,75.24999999999993,0.07920792079207921,0.08528052
G-1028,14.44999999999999,75.34999999999992,0.0627062706270627,0.082640246
G-1029,14.44999999999999,75.44999999999992,0.026402640264026403,0.073267296
G-1030,14.44999999999999,75.54999999999991,0.0462046204620462,0.071287096
G-1031,14.44999999999999,75.6499999999999,0.013201320132013201,0.06719468
G-1032,14.44999999999999,75.7499999999999,0.019801980198019802,0.05689763
G-1033,14.44999999999999,75.8499999999999,0.0462046204620462,0.04831682
G-1034,14.44999999999999,75.94999999999989,0.036303630363036306,0.05227726
G-1035,14.44999999999999,76.04999999999988,0.0429042904290429,0.048448868
G-1036,14.44999999999999,76.14999999999988,0.04950495049504951,0.045940667
G-1037,14.44999999999999,76.24999999999987,0.013201320132013201,0.0466008
G-1038,14.44999999999999,76.34999999999987,0.0429042904290429,0.043432426
G-1039,14.44999999999999,76.44999999999986,0.0165016501650165,0.034059487
G-1040,14.44999999999999,76.54999999999986,0.0297029702970297,0.030495148
G-1041,14.44999999999999,76.64999999999985,0.026402640264026403,0.025478592
G-1042,14.44999999999999,76.74999999999984,0.0231023102310231,0.023894424
G-1043,14.44999999999999,76.84999999999984,0.013201320132013201,0.025874633
G-1044,14.44999999999999,76.94999999999983,0.0165016501650165,0.030627137
G-1045,14.44999999999999,77.04999999999983,0.0297029702970297,0.03353134
G-1046,14.44999999999999,77.14999999999982,0.0297029702970297,0.041584168
G-1047,14.44999999999999,77.24999999999982,0.0231023102310231,0.046336595
G-1048,14.44999999999999,77.34999999999981,0.0891089108910891,0.039735947
G-1049,14.44999999999999,77.4499999999998,0.0594059405940594,0.030626984
G-1050,14.54999999999999,74.05,0.0,0.00092409237
G-1051,14.54999999999999,74.14999999999999,0.0,0.0023762377
G-1052,14.54999999999999,74.24999999999999,0.0,0.004224423
G-1053,14.54999999999999,74.34999999999998,0.0,0.0058085816
G-1054,14.54999999999999,74.44999999999997,0.006600660066006601,0.0076567666
G-1055,14.54999999999999,74.54999999999997,0.0,0.0106930705
G-1056,14.54999999999999,74.64999999999996,0.009900990099009901,0.023762383
G-1057,14.54999999999999,74.74999999999996,0.033003300330033,0.044356443
G-1058,14.54999999999999,74.84999999999995,0.09900990099009901,0.064290434
G-1059,14.54999999999999,74.94999999999995,0.12211221122112212,0.08118813
G-1060,14.54999999999999,75.04999999999994,0.07920792079207921,0.092541255
G-1061,14.54999999999999,75.14999999999993,0.09570957095709572,0.09623763
G-1062,14.54999999999999,75.24999999999993,0.036303630363036306,0.08778876
G-1063,14.54999999999999,75.34999999999992,0.06930693069306931,0.081716165
G-1064,14.54999999999999,75.44999999999992,0.056105610561056105,0.07287128
G-1065,14.54999999999999,75.54999999999991,0.0462046204620462,0.067854784
G-1066,14.54999999999999,75.6499999999999,0.0462046204620462,0.06508251
G-1067,14.54999999999999,75.7499999999999,0.066006600660066,0.06125416
G-1068,14.54999999999999,75.8499999999999,0.08250825082508251,0.055049516
G-1069,14.54999999999999,75.94999999999989,0.0429042904290429,0.053993415
G-1070,14.54999999999999,76.04999999999988,0.039603960396039604,0.050561067
G-1071,14.54999999999999,76.14999999999988,0.0231023102310231,0.04382839
G-1072,14.54999999999999,76.24999999999987,0.036303630363036306,0.03947193
G-1073,14.54999999999999,76.34999999999987,0.0297029702970297,0.033399355
G-1074,14.54999999999999,76.44999999999986,0.0165016501650165,0.028778877
G-1075,14.54999999999999,76.54999999999986,0.0033003300330033004,0.02719471
G-1076,14.54999999999999,76.64999999999985,0.019801980198019802,0.022970276
G-1077,14.54999999999999,76.74999999999984,0.006600660066006601,0.02283821
G-1078,14.54999999999999,76.84999999999984,0.0165016501650165,0.024950486
G-1079,14.54999999999999,76.94999999999983,0.026402640264026403,0.024422456
G-1080,14.54999999999999,77.04999999999983,0.033003300330033,0.023498459
G-1081,14.54999999999999,77.14999999999982,0.0231023102310231,0.028911056
G-1082,14.54999999999999,77.24999999999982,0.0231023102310231,0.0316835
G-1083,14.54999999999999,77.34999999999981,0.056105610561056105,0.026402893
G-1084,14.54999999999999,77.4499999999998,0.036303630363036306,0.022442475
G-1085,14.64999999999999,74.05,0.0,0.0048844884
G-1086,14.64999999999999,74.14999999999999,0.0,0.006468647
G-1087,14.64999999999999,74.24999999999999,0.0033003300330033004,0.008580858
G-1088,14.64999999999999,74.34999999999998,0.0165016501650165,0.011485148
G-1089,14.64999999999999,74.44999999999997,0.0231023102310231,0.013069307
G-1090,14.64999999999999,74.54999999999997,0.013201320132013201,0.016633665
G-1091,14.64999999999999,74.64999999999996,0.013201320132013201,0.029570963
G-1092,14.64999999999999,74.74999999999996,0.0165016501650165,0.050033007
G-1093,14.64999999999999,74.84999999999995,0.0891089108910891,0.06877888
G-1094,14.64999999999999,74.94999999999995,0.1254125412541254,0.082904294
G-1095,14.64999999999999,75.04999999999994,0.1485148514851485,0.093861386
G-1096,14.64999999999999,75.14999999999993,0.066006600660066,0.09636964
G-1097,14.64999999999999,75.24999999999993,0.11551155115511551,0.088052794
G-1098,14.64999999999999,75.34999999999992,0.12211221122112212,0.07907589
G-1099,14.64999999999999,75.44999999999992,0.09900990099009901,0.07062704
G-1100,14.64999999999999,75.54999999999991,0.066006600660066,0.06574255
G-1101,14.64999999999999,75.6499999999999,0.06930693069306931,0.0662706
G-1102,14.64999999999999,75.7499999999999,0.056105610561056105,0.06389433
G-1103,14.64999999999999,75.8499999999999,0.10561056105610561,0.060990047
G-1104,14.64999999999999,75.94999999999989,0.056105610561056105,0.058613833
G-1105,14.64999999999999,76.04999999999988,0.0462046204620462,0.05399334
G-1106,14.64999999999999,76.14999999999988,0.07590759075907591,0.042904243
G-1107,14.64999999999999,76.24999999999987,0.066006600660066,0.037359696
G-1108,14.64999999999999,76.34999999999987,0.0429042904290429,0.032079164
G-1109,14.64999999999999,76.44999999999986,0.0165016501650165,0.031155014
G-1110,14.64999999999999,76.54999999999986,0.006600660066006601,0.03115509
G-1111,14.64999999999999,76.64999999999985,0.026402640264026403,0.029174881
G-1112,14.64999999999999,76.74999999999984,0.026402640264026403,0.028118897
G-1113,14.64999999999999,76.84999999999984,0.0165016501650165,0.03181534
G-1114,14.64999999999999,76.94999999999983,0.033003300330033,0.02917511
G-1115,14.64999999999999,77.04999999999983,0.013201320132013201,0.025346756
G-1116,14.64999999999999,77.14999999999982,0.009900990099009901,0.028779143
G-1117,14.64999999999999,77.24999999999982,0.013201320132013201,0.03023117
G-1118,14.64999999999999,77.34999999999981,0.0297029702970297,0.02204628
G-1119,14.64999999999999,77.4499999999998,0.0231023102310231,0.018349914
G-1120,14.74999999999999,74.05,0.0,0.008580858
G-1121,14.74999999999999,74.14999999999999,0.006600660066006601,0.01069307
G-1122,14.74999999999999,74.24999999999999,0.013201320132013201,0.0132013215
G-1123,14.74999999999999,74.34999999999998,0.019801980198019802,0.018349836
G-1124,14.74999999999999,74.44999999999997,0.0033003300330033004,0.018349838
G-1125,14.74999999999999,74.54999999999997,0.019801980198019802,0.02085809
G-1126,14.74999999999999,74.64999999999996,0.0231023102310231,0.03326733
G-1127,14.74999999999999,74.74999999999996,0.013201320132013201,0.052673265
G-1128,14.74999999999999,74.84999999999995,0.0429042904290429,0.0690429
G-1129,14.74999999999999,74.94999999999995,0.0858085808580858,0.082508236
G-1130,14.74999999999999,75.04999999999994,0.12211221122112212,0.093201295
G-1131,14.74999999999999,75.14999999999993,0.07920792079207921,0.09636961
G-1132,14.74999999999999,75.24999999999993,0.11221122112211221,0.09029702
G-1133,14.74999999999999,75.34999999999992,0.11551155115511551,0.082112215
G-1134,14.74999999999999,75.44999999999992,0.09570957095709572,0.07854784
G-1135,14.74999999999999,75.54999999999991,0.09570957095709572,0.07696371
G-1136,14.74999999999999,75.6499999999999,0.0429042904290429,0.07867989
G-1137,14.74999999999999,75.7499999999999,0.04950495049504951,0.07630363
G-1138,14.74999999999999,75.8499999999999,0.11221122112211221,0.0710231
G-1139,14.74999999999999,75.94999999999989,0.09570957095709572,0.06363041
G-1140,14.74999999999999,76.04999999999988,0.066006600660066,0.05636963
G-1141,14.74999999999999,76.14999999999988,0.0165016501650165,0.042640265
G-1142,14.74999999999999,76.24999999999987,0.0297029702970297,0.037095755
G-1143,14.74999999999999,76.34999999999987,0.033003300330033,0.033663444
G-1144,14.74999999999999,76.44999999999986,0.056105610561056105,0.037227783
G-1145,14.74999999999999,76.54999999999986,0.0165016501650165,0.03801979
G-1146,14.74999999999999,76.64999999999985,0.019801980198019802,0.03788788
G-1147,14.74999999999999,76.74999999999984,0.0462046204620462,0.036567613
G-1148,14.74999999999999,76.84999999999984,0.026402640264026403,0.03920784
G-1149,14.74999999999999,76.94999999999983,0.019801980198019802,0.032343138
G-1150,14.74999999999999,77.04999999999983,0.039603960396039604,0.027722625
G-1151,14.74999999999999,77.14999999999982,0.006600660066006601,0.026798325
G-1152,14.74999999999999,77.24999999999982,0.006600660066006601,0.02547821
G-1153,14.74999999999999,77.34999999999981,0.006600660066006601,0.017293395
G-1154,14.74999999999999,77.4499999999998,0.019801980198019802,0.013993072
G-1155,14.849999999999989,74.05,0.0,0.011089109
G-1156,14.849999999999989,74.14999999999999,0.052805280528052806,0.013201321
G-1157,14.849999999999989,74.24999999999999,0.0462046204620462,0.015841585
G-1158,14.849999999999989,74.34999999999998,0.0033003300330033004,0.024686467
G-1159,14.849999999999989,74.44999999999997,0.0165016501650165,0.027854783
G-1160,14.849999999999989,74.54999999999997,0.033003300330033,0.03287129
G-1161,14.849999999999989,74.64999999999996,0.04950495049504951,0.046072606
G-1162,14.849999999999989,74.74999999999996,0.0627062706270627,0.06547855
G-1163,14.849999999999989,74.84999999999995,0.036303630363036306,0.07801981
G-1164,14.849999999999989,74.94999999999995,0.09570957095709572,0.08858088
G-1165,14.849999999999989,75.04999999999994,0.09900990099009901,0.09782181
G-1166,14.849999999999989,75.14999999999993,0.0627062706270627,0.103498384
G-1167,14.849999999999989,75.24999999999993,0.08250825082508251,0.098877944
G-1168,14.849999999999989,75.34999999999992,0.056105610561056105,0.09069314
G-1169,14.849999999999989,75.44999999999992,0.07920792079207921,0.08673275
G-1170,14.849999999999989,75.54999999999991,0.0627062706270627,0.08396047
G-1171,14.849999999999989,75.6499999999999,0.06930693069306931,0.08330038
G-1172,14.849999999999989,75.7499999999999,0.11221122112211221,0.080792144
G-1173,14.849999999999989,75.8499999999999,0.0924092409240924,0.07537958
G-1174,14.849999999999989,75.94999999999989,0.066006600660066,0.06706272
G-1175,14.849999999999989,76.04999999999988,0.04950495049504951,0.05887783
G-1176,14.849999999999989,76.14999999999988,0.0165016501650165,0.04435646
G-1177,14.849999999999989,76.24999999999987,0.0429042904290429,0.03960396
G-1178,14.849999999999989,76.34999999999987,0.013201320132013201,0.039867934
G-1179,14.849999999999989,76.44999999999986,0.052805280528052806,0.047788773
G-1180,14.849999999999989,76.54999999999986,0.056105610561056105,0.04950508
G-1181,14.849999999999989,76.64999999999985,0.066006600660066,0.055181656
G-1182,14.849999999999989,76.74999999999984,0.0858085808580858,0.06191429
G-1183,14.849999999999989,76.84999999999984,0.039603960396039604,0.06666687
G-1184,14.849999999999989,76.94999999999983,0.036303630363036306,0.055709686
G-1185,14.849999999999989,77.04999999999983,0.0891089108910891,0.050693132
G-1186,14.849999999999989,77.14999999999982,0.0231023102310231,0.041584168
G-1187,14.849999999999989,77.24999999999982,0.026402640264026403,0.029834976
G-1188,14.849999999999989,77.34999999999981,0.0165016501650165,0.015049439
G-1189,14.849999999999989,77.4499999999998,0.0297029702970297,0.011485138
G-1190,14.949999999999989,74.05,0.0231023102310231,0.014389439
G-1191,14.949999999999989,74.14999999999999,0.0429042904290429,0.016237624
G-1192,14.949999999999989,74.24999999999999,0.026402640264026403,0.01861386
G-1193,14.949999999999989,74.34999999999998,0.013201320132013201,0.027854785
G-1194,14.949999999999989,74.44999999999997,0.013201320132013201,0.03419142
G-1195,14.949999999999989,74.54999999999997,0.0858085808580858,0.043564353
G-1196,14.949999999999989,74.64999999999996,0.006600660066006601,0.058745876
G-1197,14.949999999999989,74.74999999999996,0.026402640264026403,0.07630363
G-1198,14.949999999999989,74.84999999999995,0.09570957095709572,0.0850165
G-1199,14.949999999999989,74.94999999999995,0.1188118811881188,0.093861386
G-1200,14.949999999999989,75.04999999999994,0.11221122112211221,0.09438946
G-1201,14.949999999999989,75.14999999999993,0.1353135313531353,0.09478548
G-1202,14.949999999999989,75.24999999999993,0.07260726072607261,0.089504935
G-1203,14.949999999999989,75.34999999999992,0.07920792079207921,0.08290431
G-1204,14.949999999999989,75.44999999999992,0.066006600660066,0.07881189
G-1205,14.949999999999989,75.54999999999991,0.0858085808580858,0.082508236
G-1206,14.949999999999989,75.6499999999999,0.12211221122112212,0.085676536
G-1207,14.949999999999989,75.7499999999999,0.09570957095709572,0.08594057
G-1208,14.949999999999989,75.8499999999999,0.0924092409240924,0.080924034
G-1209,14.949999999999989,75.94999999999989,0.07590759075907591,0.06811874
G-1210,14.949999999999989,76.04999999999988,0.0231023102310231,0.055049475
G-1211,14.949999999999989,76.14999999999988,0.033003300330033,0.041188087
G-1212,14.949999999999989,76.24999999999987,0.0231023102310231,0.039867934
G-1213,14.949999999999989,76.34999999999987,0.0231023102310231,0.04594059
G-1214,14.949999999999989,76.44999999999986,0.056105610561056105,0.06732666
G-1215,14.949999999999989,76.54999999999986,0.056105610561056105,0.076039426
G-1216,14.949999999999989,76.64999999999985,0.12211221122112212,0.08435631
G-1217,14.949999999999989,76.74999999999984,0.052805280528052806,0.08871269
G-1218,14.949999999999989,76.84999999999984,0.039603960396039604,0.08976875
G-1219,14.949999999999989,76.94999999999983,0.04950495049504951,0.06904274
G-1220,14.949999999999989,77.04999999999983,0.0297029702970297,0.059405822
G-1221,14.949999999999989,77.14999999999982,0.019801980198019802,0.04620445
G-1222,14.949999999999989,77.24999999999982,0.033003300330033,0.03353119
G-1223,14.949999999999989,77.34999999999981,0.006600660066006601,0.016369477
G-1224,14.949999999999989,77.4499999999998,0.0231023102310231,0.011352997
G-1225,15.049999999999988,74.05,0.026402640264026403,0.02270627
G-1226,15.049999999999988,74.14999999999999,0.026402640264026403,0.02521452
G-1227,15.049999999999988,74.24999999999999,0.009900990099009901,0.028118812
G-1228,15.049999999999988,74.34999999999998,0.0,0.03643564
G-1229,15.049999999999988,74.44999999999997,0.009900990099009901,0.04396039
G-1230,15.049999999999988,74.54999999999997,0.1188118811881188,0.058349837
G-1231,15.049999999999988,74.64999999999996,0.11551155115511551,0.07722772
G-1232,15.049999999999988,74.74999999999996,0.10561056105610561,0.096105605
G-1233,15.049999999999988,74.84999999999995,0.1188118811881188,0.09940593
G-1234,15.049999999999988,74.94999999999995,0.1254125412541254,0.10244223
G-1235,15.049999999999988,75.04999999999994,0.10231023102310231,0.09293729
G-1236,15.049999999999988,75.14999999999993,0.12871287128712872,0.0848845
G-1237,15.049999999999988,75.24999999999993,0.07260726072607261,0.074323446
G-1238,15.049999999999988,75.34999999999992,0.15181518151815182,0.0681188
G-1239,15.049999999999988,75.44999999999992,0.09570957095709572,0.06930689
G-1240,15.049999999999988,75.54999999999991,0.06930693069306931,0.07907587
G-1241,15.049999999999988,75.6499999999999,0.06930693069306931,0.082772255
G-1242,15.049999999999988,75.7499999999999,0.07260726072607261,0.08462044
G-1243,15.049999999999988,75.8499999999999,0.10561056105610561,0.081056096
G-1244,15.049999999999988,75.94999999999989,0.07920792079207921,0.065874636
G-1245,15.049999999999988,76.04999999999988,0.0594059405940594,0.053597376
G-1246,15.049999999999988,76.14999999999988,0.0231023102310231,0.04409237
G-1247,15.049999999999988,76.24999999999987,0.019801980198019802,0.04594059
G-1248,15.049999999999988,76.34999999999987,0.033003300330033,0.055709533
G-1249,15.049999999999988,76.44999999999986,0.07260726072607261,0.078283764
G-1250,15.049999999999988,76.54999999999986,0.11551155115511551,0.08462044
G-1251,15.049999999999988,76.64999999999985,0.12871287128712872,0.09188125
G-1252,15.049999999999988,76.74999999999984,0.013201320132013201,0.09570961
G-1253,15.049999999999988,76.84999999999984,0.16501650165016502,0.0943895
G-1254,15.049999999999988,76.94999999999983,0.2838283828382838,0.07155113
G-1255,15.049999999999988,77.04999999999983,0.19801980198019803,0.06217819
G-1256,15.049999999999988,77.14999999999982,0.0297029702970297,0.04937279
G-1257,15.049999999999988,77.24999999999982,0.019801980198019802,0.035379257
G-1258,15.049999999999988,77.34999999999981,0.0,0.017689515
G-1259,15.049999999999988,77.4499999999998,0.033003300330033,0.011484985
G-1260,15.149999999999988,74.05,0.0429042904290429,0.024950495
G-1261,15.149999999999988,74.14999999999999,0.0231023102310231,0.02759076
G-1262,15.149999999999988,74.24999999999999,0.019801980198019802,0.031551156
G-1263,15.149999999999988,74.34999999999998,0.009900990099009901,0.039471947
G-1264,15.149999999999988,74.44999999999997,0.0165016501650165,0.04937293
G-1265,15.149999999999988,74.54999999999997,0.066006600660066,0.06653465
G-1266,15.149999999999988,74.64999999999996,0.11551155115511551,0.089768976
G-1267,15.149999999999988,74.74999999999996,0.1419141914191419,0.1089109
G-1268,15.149999999999988,74.84999999999995,0.132013201320132,0.10917492
G-1269,15.149999999999988,74.94999999999995,0.07260726072607261,0.10759078
G-1270,15.149999999999988,75.04999999999994,0.10561056105610561,0.09280528
G-1271,15.149999999999988,75.14999999999993,0.1254125412541254,0.07828383
G-1272,15.149999999999988,75.24999999999993,0.0231023102310231,0.06336634
G-1273,15.149999999999988,75.34999999999992,0.033003300330033,0.057425767
G-1274,15.149999999999988,75.44999999999992,0.0297029702970297,0.060990084
G-1275,15.149999999999988,75.54999999999991,0.0627062706270627,0.071551174
G-1276,15.149999999999988,75.6499999999999,0.1254125412541254,0.07392744
G-1277,15.149999999999988,75.7499999999999,0.1254125412541254,0.07722782
G-1278,15.149999999999988,75.8499999999999,0.11221122112211221,0.07353138
G-1279,15.149999999999988,75.94999999999989,0.056105610561056105,0.058217812
G-1280,15.149999999999988,76.04999999999988,0.052805280528052806,0.060594026
G-1281,15.149999999999988,76.14999999999988,0.019801980198019802,0.05702965
G-1282,15.149999999999988,76.24999999999987,0.013201320132013201,0.059405822
G-1283,15.149999999999988,76.34999999999987,0.066006600660066,0.07089104
G-1284,15.149999999999988,76.44999999999986,0.10231023102310231,0.093201295
G-1285,15.149999999999988,76.54999999999986,0.15841584158415842,0.0862046
G-1286,15.149999999999988,76.64999999999985,0.3069306930693069,0.09082512
G-1287,15.149999999999988,76.74999999999984,0.1485148514851485,0.09584152
G-1288,15.149999999999988,76.84999999999984,0.10561056105610561,0.093069226
G-1289,15.149999999999988,76.94999999999983,0.0594059405940594,0.06996689
G-1290,15.149999999999988,77.04999999999983,0.07260726072607261,0.06098999
G-1291,15.149999999999988,77.14999999999982,0.0462046204620462,0.047656633
G-1292,15.149999999999988,77.24999999999982,0.019801980198019802,0.033003233
G-1293,15.149999999999988,77.34999999999981,0.0165016501650165,0.016633606
G-1294,15.149999999999988,77.4499999999998,0.026402640264026403,0.0097689815
G-1295,15.249999999999988,74.05,0.0924092409240924,0.024686467
G-1296,15.249999999999988,74.14999999999999,0.10231023102310231,0.027986798
G-1297,15.249999999999988,74.24999999999999,0.033003300330033,0.034587458
G-1298,15.249999999999988,74.34999999999998,0.036303630363036306,0.04264026
G-1299,15.249999999999988,74.44999999999997,0.0165016501650165,0.058745872
G-1300,15.249999999999988,74.54999999999997,0.0891089108910891,0.07722772
G-1301,15.249999999999988,74.64999999999996,0.1485148514851485,0.1008581
G-1302,15.249999999999988,74.74999999999996,0.15841584158415842,0.1159076
G-1303,15.249999999999988,74.84999999999995,0.15181518151815182,0.11300333
G-1304,15.249999999999988,74.94999999999995,0.132013201320132,0.10072609
G-1305,15.249999999999988,75.04999999999994,0.056105610561056105,0.082244255
G-1306,15.249999999999988,75.14999999999993,0.0594059405940594,0.063894406
G-1307,15.249999999999988,75.24999999999993,0.006600660066006601,0.048184823
G-1308,15.249999999999988,75.34999999999992,0.013201320132013201,0.042112198
G-1309,15.249999999999988,75.44999999999992,0.009900990099009901,0.04752474
G-1310,15.249999999999988,75.54999999999991,0.039603960396039604,0.057029687
G-1311,15.249999999999988,75.6499999999999,0.1551155115511551,0.058481865
G-1312,15.249999999999988,75.7499999999999,0.09570957095709572,0.06125412
G-1313,15.249999999999988,75.8499999999999,0.0231023102310231,0.059934005
G-1314,15.249999999999988,75.94999999999989,0.04950495049504951,0.0468647
G-1315,15.249999999999988,76.04999999999988,0.0462046204620462,0.052013244
G-1316,15.249999999999988,76.14999999999988,0.06930693069306931,0.0516172
G-1317,15.249999999999988,76.24999999999987,0.09570957095709572,0.056369707
G-1318,15.249999999999988,76.34999999999987,0.052805280528052806,0.06917496
G-1319,15.249999999999988,76.44999999999986,0.0891089108910891,0.09188118
G-1320,15.249999999999988,76.54999999999986,0.0891089108910891,0.08818489
G-1321,15.249999999999988,76.64999999999985,0.10231023102310231,0.094785385
G-1322,15.249999999999988,76.74999999999984,0.052805280528052806,0.10125412
G-1323,15.249999999999988,76.84999999999984,0.019801980198019802,0.09821785
G-1324,15.249999999999988,76.94999999999983,0.039603960396039604,0.07788788
G-1325,15.249999999999988,77.04999999999983,0.052805280528052806,0.065346524
G-1326,15.249999999999988,77.14999999999982,0.036303630363036306,0.05042923
G-1327,15.249999999999988,77.24999999999982,0.019801980198019802,0.0340596
G-1328,15.249999999999988,77.34999999999981,0.009900990099009901,0.017029876
G-1329,15.249999999999988,77.4499999999998,0.006600660066006601,0.008052979
G-1330,15.349999999999987,74.05,0.0429042904290429,0.022178216
G-1331,15.349999999999987,74.14999999999999,0.08250825082508251,0.025478547
G-1332,15.349999999999987,74.24999999999999,0.0297029702970297,0.03168317
G-1333,15.349999999999987,74.34999999999998,0.006600660066006601,0.036039602
G-1334,15.349999999999987,74.44999999999997,0.0429042904290429,0.048580855
G-1335,15.349999999999987,74.54999999999997,0.066006600660066,0.06323432
G-1336,15.349999999999987,74.64999999999996,0.13861386138613863,0.08211222
G-1337,15.349999999999987,74.74999999999996,0.11551155115511551,0.09254126
G-1338,15.349999999999987,74.84999999999995,0.1485148514851485,0.09029705
G-1339,15.349999999999987,74.94999999999995,0.12871287128712872,0.07749175
G-1340,15.349999999999987,75.04999999999994,0.056105610561056105,0.06033003
G-1341,15.349999999999987,75.14999999999993,0.036303630363036306,0.04066004
G-1342,15.349999999999987,75.24999999999993,0.0033003300330033004,0.026138572
G-1343,15.349999999999987,75.34999999999992,0.006600660066006601,0.02138607
G-1344,15.349999999999987,75.44999999999992,0.0033003300330033004,0.029174842
G-1345,15.349999999999987,75.54999999999991,0.026402640264026403,0.03867981
G-1346,15.349999999999987,75.6499999999999,0.10231023102310231,0.04198021
G-1347,15.349999999999987,75.7499999999999,0.052805280528052806,0.04541252
G-1348,15.349999999999987,75.8499999999999,0.009900990099009901,0.04448845
G-1349,15.349999999999987,75.94999999999989,0.026402640264026403,0.033267364
G-1350,15.349999999999987,76.04999999999988,0.009900990099009901,0.040528107
G-1351,15.349999999999987,76.14999999999988,0.0462046204620462,0.04303627
G-1352,15.349999999999987,76.24999999999987,0.34983498349834985,0.048052825
G-1353,15.349999999999987,76.34999999999987,0.07920792079207921,0.058613893
G-1354,15.349999999999987,76.44999999999986,0.026402640264026403,0.07709564
G-1355,15.349999999999987,76.54999999999986,0.0594059405940594,0.07366326
G-1356,15.349999999999987,76.64999999999985,0.0891089108910891,0.07498329
G-1357,15.349999999999987,76.74999999999984,0.0594059405940594,0.07300316
G-1358,15.349999999999987,76.84999999999984,0.039603960396039604,0.06666649
G-1359,15.349999999999987,76.94999999999983,0.039603960396039604,0.05029701
G-1360,15.349999999999987,77.04999999999983,0.056105610561056105,0.03749161
G-1361,15.349999999999987,77.14999999999982,0.039603960396039604,0.029174957
G-1362,15.349999999999987,77.24999999999982,0.009900990099009901,0.022838287
G-1363,15.349999999999987,77.34999999999981,0.0033003300330033004,0.013729401
G-1364,15.349999999999987,77.4499999999998,0.0165016501650165,0.005940552
G-1365,15.449999999999987,74.05,0.033003300330033,0.018745875
G-1366,15.449999999999987,74.14999999999999,0.026402640264026403,0.021650163
G-1367,15.449999999999987,74.24999999999999,0.026402640264026403,0.02719472
G-1368,15.449999999999987,74.34999999999998,0.0297029702970297,0.03062706
G-1369,15.449999999999987,74.44999999999997,0.07920792079207921,0.039471947
G-1370,15.449999999999987,74.54999999999997,0.09900990099009901,0.04924093
G-1371,15.449999999999987,74.64999999999996,0.14521452145214522,0.06323434
G-1372,15.449999999999987,74.74999999999996,0.0594059405940594,0.07141915
G-1373,15.449999999999987,74.84999999999995,0.12211221122112212,0.06759079
G-1374,15.449999999999987,74.94999999999995,0.08250825082508251,0.054389447
G-1375,15.449999999999987,75.04999999999994,0.0462046204620462,0.0419802
G-1376,15.449999999999987,75.14999999999993,0.006600660066006601,0.026270628
G-1377,15.449999999999987,75.24999999999993,0.013201320132013201,0.013465366
G-1378,15.449999999999987,75.34999999999992,0.009900990099009901,0.010429039
G-1379,15.449999999999987,75.44999999999992,0.009900990099009901,0.01821783
G-1380,15.449999999999987,75.54999999999991,0.0165016501650165,0.023630409
G-1381,15.449999999999987,75.6499999999999,0.039603960396039604,0.023762474
G-1382,15.449999999999987,75.7499999999999,0.009900990099009901,0.026138688
G-1383,15.449999999999987,75.8499999999999,0.0,0.025610657
G-1384,15.449999999999987,75.94999999999989,0.006600660066006601,0.018613968
G-1385,15.449999999999987,76.04999999999988,0.013201320132013201,0.030363083
G-1386,15.449999999999987,76.14999999999988,0.006600660066006601,0.034719467
G-1387,15.449999999999987,76.24999999999987,0.006600660066006601,0.0378878
G-1388,15.449999999999987,76.34999999999987,0.009900990099009901,0.044224396
G-1389,15.449999999999987,76.44999999999986,0.0462046204620462,0.051221084
G-1390,15.449999999999987,76.54999999999986,0.07920792079207921,0.04237633
G-1391,15.449999999999987,76.64999999999985,0.10561056105610561,0.042112198
G-1392,15.449999999999987,76.74999999999984,0.1188118811881188,0.04184822
G-1393,15.449999999999987,76.84999999999984,0.07590759075907591,0.038944017
G-1394,15.449999999999987,76.94999999999983,0.07590759075907591,0.033003386
G-1395,15.449999999999987,77.04999999999983,0.0462046204620462,0.025346527
G-1396,15.449999999999987,77.14999999999982,0.07260726072607261,0.020594178
G-1397,15.449999999999987,77.24999999999982,0.009900990099009901,0.015577698
G-1398,15.449999999999987,77.34999999999981,0.0033003300330033004,0.009373017
G-1399,15.449999999999987,77.4499999999998,0.006600660066006601,0.0034324646
