zone_id,latitude,longitude,zone_clim,nbr_clim,region
G-0,28.95,77.75,0.5181518151815182,0.18165016,Uttarakhand
G-1,28.95,78.25,0.4158415841584158,0.26059407,Uttarakhand
G-2,28.95,78.75,0.42574257425742573,0.33782178,Uttarakhand
G-3,28.95,79.25,0.6006600660066007,0.34600654,Uttarakhand
G-4,28.95,79.75,0.6534653465346535,0.3322772,Uttarakhand
G-5,28.95,80.25,0.636963696369637,0.26904288,Uttarakhand
G-6,28.95,80.75,0.4158415841584158,0.19009899,Uttarakhand
G-7,29.45,77.75,0.49834983498349833,0.24092409,Uttarakhand
G-8,29.45,78.25,0.5478547854785478,0.3387459,Uttarakhand
G-9,29.45,78.75,0.5412541254125413,0.4241584,Uttarakhand
G-10,29.45,79.25,0.7293729372937293,0.4192739,Uttarakhand
G-11,29.45,79.75,0.6534653465346535,0.3841584,Uttarakhand
G-12,29.45,80.25,0.45874587458745875,0.29874587,Uttarakhand
G-13,29.45,80.75,0.38943894389438943,0.20092407,Uttarakhand
G-14,29.95,77.75,0.40924092409240925,0.2833003,Uttarakhand
G-15,29.95,78.25,0.570957095709571,0.3815182,Uttarakhand
G-16,29.95,78.75,0.6138613861386139,0.4669307,Uttarakhand
G-17,29.95,79.25,0.6435643564356436,0.44369638,Uttarakhand
G-18,29.95,79.75,0.6237623762376238,0.39141914,Uttarakhand
G-19,29.95,80.25,0.5346534653465347,0.2991419,Uttarakhand
G-20,29.95,80.75,0.38613861386138615,0.20092407,Uttarakhand
G-21,30.45,77.75,0.38283828382838286,0.24739274,Uttarakhand
G-22,30.45,78.25,0.5445544554455446,0.32158417,Uttarakhand
G-23,30.45,78.75,0.5544554455445545,0.38085806,Uttarakhand
G-24,30.45,79.25,0.47194719471947194,0.33966994,Uttarakhand
G-25,30.45,79.75,0.20462046204620463,0.2821122,Uttarakhand
G-26,30.45,80.25,0.056105610561056105,0.20686468,Uttarakhand
G-27,30.45,80.75,0.009900990099009901,0.13267328,Uttarakhand
G-28,30.95,77.75,0.45874587458745875,0.18389441,Uttarakhand
G-29,30.95,78.25,0.429042904290429,0.22891091,Uttarakhand
G-30,30.95,78.75,0.1716171617161716,0.26204622,Uttarakhand
G-31,30.95,79.25,0.009900990099009901,0.22244221,Uttarakhand
G-32,30.95,79.75,0.0,0.17122108,Uttarakhand
G-33,30.95,80.25,0.0,0.11762373,Uttarakhand
G-34,30.95,80.75,0.0,0.072607234,Uttarakhand
G-35,31.45,77.75,0.33003300330033003,0.12013203,Uttarakhand
G-36,31.45,78.25,0.132013201320132,0.13940594,Uttarakhand
G-37,31.45,78.75,0.0,0.14759076,Uttarakhand
G-38,31.45,79.25,0.0,0.10297029,Uttarakhand
G-39,31.45,79.75,0.0,0.059141893,Uttarakhand
G-40,31.45,80.25,0.0,0.030098991,Uttarakhand
G-41,31.45,80.75,0.0,0.010825081,Uttarakhand
G-0,30.55,75.75,0.3102310231023102,0.14864688,Himachal Pradesh
G-1,30.55,76.25,0.42574257425742573,0.20145214,Himachal Pradesh
G-2,30.55,76.75,0.3795379537953795,0.2480528,Himachal Pradesh
G-3,30.55,77.25,0.43564356435643564,0.23141915,Himachal Pradesh
G-4,30.55,77.75,0.4389438943894389,0.20580858,Himachal Pradesh
G-5,30.55,78.25,0.5214521452145214,0.18125413,Himachal Pradesh
G-6,30.55,78.75,0.5181518151815182,0.12844887,Himachal Pradesh
G-7,30.55,79.25,0.429042904290429,0.081848204,Himachal Pradesh
G-8,31.05,75.75,0.528052805280528,0.18534654,Himachal Pradesh
G-9,31.05,76.25,0.47854785478547857,0.24739274,Himachal Pradesh
G-10,31.05,76.75,0.3564356435643564,0.2949175,Himachal Pradesh
G-11,31.05,77.25,0.45874587458745875,0.25768977,Himachal Pradesh
G-12,31.05,77.75,0.44224422442244227,0.22587462,Himachal Pradesh
G-13,31.05,78.25,0.36633663366336633,0.19141917,Himachal Pradesh
G-14,31.05,78.75,0.11221122112211221,0.12937295,Himachal Pradesh
G-15,31.05,79.25,0.0,0.081848204,Himachal Pradesh
G-16,31.55,75.75,0.5643564356435643,0.20448846,Himachal Pradesh
G-17,31.55,76.25,0.36633663366336633,0.26666665,Himachal Pradesh
G-18,31.55,76.75,0.3069306930693069,0.31419143,Himachal Pradesh
G-19,31.55,77.25,0.42574257425742573,0.26930693,Himachal Pradesh
G-20,31.55,77.75,0.2838283828382838,0.22957096,Himachal Pradesh
G-21,31.55,78.25,0.09900990099009901,0.19155116,Himachal Pradesh
G-22,31.55,78.75,0.0,0.12937295,Himachal Pradesh
G-23,31.55,79.25,0.0,0.081848204,Himachal Pradesh
G-24,32.05,75.75,0.5148514851485149,0.16765678,Himachal Pradesh
G-25,32.05,76.25,0.1551155115511551,0.21240924,Himachal Pradesh
G-26,32.05,76.75,0.24752475247524752,0.24237625,Himachal Pradesh
G-27,32.05,77.25,0.23102310231023102,0.18481849,Himachal Pradesh
G-28,32.05,77.75,0.0231023102310231,0.13795379,Himachal Pradesh
G-29,32.05,78.25,0.0,0.09782177,Himachal Pradesh
G-30,32.05,78.75,0.0,0.053069305,Himachal Pradesh
G-31,32.05,79.25,0.0,0.023102302,Himachal Pradesh
G-32,32.55,75.75,0.19141914191419143,0.11313533,Himachal Pradesh
G-33,32.55,76.25,0.19801980198019803,0.13953796,Himachal Pradesh
G-34,32.55,76.75,0.0891089108910891,0.15181519,Himachal Pradesh
G-35,32.55,77.25,0.0033003300330033004,0.10072605,Himachal Pradesh
G-36,32.55,77.75,0.0,0.068514846,Himachal Pradesh
G-37,32.55,78.25,0.0,0.042640258,Himachal Pradesh
G-38,32.55,78.75,0.0,0.016237622,Himachal Pradesh
G-39,32.55,79.25,0.0,0.0039603994,Himachal Pradesh
G-40,33.05,75.75,0.10561056105610561,0.06363037,Himachal Pradesh
G-41,33.05,76.25,0.0858085808580858,0.073003314,Himachal Pradesh
G-42,33.05,76.75,0.0033003300330033004,0.0739274,Himachal Pradesh
G-43,33.05,77.25,0.0,0.041452132,Himachal Pradesh
G-44,33.05,77.75,0.0,0.023894386,Himachal Pradesh
G-45,33.05,78.25,0.0,0.0102970125,Himachal Pradesh
G-46,33.05,78.75,0.0,0.0009240723,Himachal Pradesh
G-47,33.05,79.25,0.0,-1.9073486e-08,Himachal Pradesh
G-0,18.05,81.65,0.6105610561056105,0.20976898,Odisha
G-1,18.05,82.15,0.6435643564356436,0.2833003,Odisha
G-2,18.05,82.65,0.5973597359735974,0.36013198,Odisha
G-3,18.05,83.15,0.5610561056105611,0.35881183,Odisha
G-4,18.05,83.65,0.46864686468646866,0.30363032,Odisha
G-5,18.05,84.15,0.10891089108910891,0.22917488,Odisha
G-6,18.05,84.65,0.0,0.15564354,Odisha
G-7,18.05,85.15,0.0,0.07881188,Odisha
G-8,18.05,85.65,0.0,0.025478553,Odisha
G-9,18.05,86.15,0.0,0.00039604187,Odisha
G-10,18.05,86.65,0.0,0.0,Odisha
G-11,18.05,87.15,0.0,0.0,Odisha
G-12,18.05,87.65,0.0,0.0,Odisha
G-13,18.55,81.65,0.3795379537953795,0.2712871,Odisha
G-14,18.55,82.15,0.5775577557755776,0.37056106,Odisha
G-15,18.55,82.65,0.5676567656765676,0.4751155,Odisha
G-16,18.55,83.15,0.6204620462046204,0.4813201,Odisha
G-17,18.55,83.65,0.7293729372937293,0.42323434,Odisha
G-18,18.55,84.15,0.5841584158415841,0.33425742,Odisha
G-19,18.55,84.65,0.12211221122112212,0.24,Odisha
G-20,18.55,85.15,0.0,0.13557759,Odisha
G-21,18.55,85.65,0.0,0.060066033,Odisha
G-22,18.55,86.15,0.0,0.016765708,Odisha
G-23,18.55,86.65,0.0,0.0051485444,Odisha
G-24,18.55,87.15,0.0,0.00013202667,Odisha
G-25,18.55,87.65,0.0,0.0,Odisha
G-26,19.05,81.65,0.37623762376237624,0.32673267,Odisha
G-27,19.05,82.15,0.7854785478547854,0.44422445,Odisha
G-28,19.05,82.65,0.7062706270627063,0.569505,Odisha
G-29,19.05,83.15,0.6567656765676567,0.57848185,Odisha
G-30,19.05,83.65,0.7227722772277227,0.51036304,Odisha
G-31,19.05,84.15,0.6402640264026402,0.41716176,Odisha
G-32,19.05,84.65,0.504950495049505,0.32488453,Odisha
G-33,19.05,85.15,0.009900990099009901,0.2133334,Odisha
G-34,19.05,85.65,0.0,0.13148528,Odisha
G-35,19.05,86.15,0.0,0.07537964,Odisha
G-36,19.05,86.65,0.0,0.04976906,Odisha
G-37,19.05,87.15,0.0,0.024554519,Odisha
G-38,19.05,87.65,0.0,0.010825119,Odisha
G-39,19.55,81.65,0.36633663366336633,0.3131353,Odisha
G-40,19.55,82.15,0.528052805280528,0.42323428,Odisha
G-41,19.55,82.65,0.6435643564356436,0.5524753,Odisha
G-42,19.55,83.15,0.6435643564356436,0.5779538,Odisha
G-43,19.55,83.65,0.693069306930693,0.5254125,Odisha
G-44,19.55,84.15,0.5544554455445545,0.46046203,Odisha
G-45,19.55,84.65,0.45544554455445546,0.39326733,Odisha
G-46,19.55,85.15,0.28052805280528054,0.29518145,Odisha
G-47,19.55,85.65,0.1254125412541254,0.22019798,Odisha
G-48,19.55,86.15,0.0033003300330033004,0.16290428,Odisha
G-49,19.55,86.65,0.0,0.115511544,Odisha
G-50,19.55,87.15,0.0,0.07260726,Odisha
G-51,19.55,87.65,0.0,0.04145217,Odisha
G-52,20.05,81.65,0.35973597359735976,0.33650163,Odisha
G-53,20.05,82.15,0.570957095709571,0.44633663,Odisha
G-54,20.05,82.65,0.45544554455445546,0.57201314,Odisha
G-55,20.05,83.15,0.45544554455445546,0.58059406,Odisha
G-56,20.05,83.65,0.5181518151815182,0.5337294,Odisha
G-57,20.05,84.15,0.429042904290429,0.49980202,Odisha
G-58,20.05,84.65,0.3201320132013201,0.45029706,Odisha
G-59,20.05,85.15,0.34983498349834985,0.38165024,Odisha
G-60,20.05,85.65,0.504950495049505,0.3255446,Odisha
G-61,20.05,86.15,0.33993399339933994,0.26970306,Odisha
G-62,20.05,86.65,0.2706270627062706,0.1902311,Odisha
G-63,20.05,87.15,0.0,0.12990105,Odisha
G-64,20.05,87.65,0.0,0.07287132,Odisha
G-65,20.55,81.65,0.5412541254125413,0.3482508,Odisha
G-66,20.55,82.15,0.5346534653465347,0.46033004,Odisha
G-67,20.55,82.65,0.43564356435643564,0.589571,Odisha
G-68,20.55,83.15,0.37623762376237624,0.58811885,Odisha
G-69,20.55,83.65,0.5676567656765676,0.54125416,Odisha
G-70,20.55,84.15,0.4521452145214521,0.52990115,Odisha
G-71,20.55,84.65,0.28052805280528054,0.50006616,Odisha
G-72,20.55,85.15,0.5445544554455446,0.439736,Odisha
G-73,20.55,85.65,0.44224422442244227,0.39656773,Odisha
G-74,20.55,86.15,0.43564356435643564,0.36052817,Odisha
G-75,20.55,86.65,0.5148514851485149,0.26442245,Odisha
G-76,20.55,87.15,0.2508250825082508,0.1821782,Odisha
G-77,20.55,87.65,0.0,0.11326736,Odisha
G-78,21.05,81.65,0.8217821782178217,0.36963695,Odisha
G-79,21.05,82.15,0.693069306930693,0.4883168,Odisha
G-80,21.05,82.65,0.594059405940594,0.6258746,Odisha
G-81,21.05,83.15,0.6138613861386139,0.6286468,Odisha
G-82,21.05,83.65,0.6402640264026402,0.58112204,Odisha
G-83,21.05,84.15,0.6039603960396039,0.5737293,Odisha
G-84,21.05,84.65,0.3795379537953795,0.5511551,Odisha
G-85,21.05,85.15,0.801980198019802,0.49663368,Odisha
G-86,21.05,85.65,0.43564356435643564,0.46402657,Odisha
G-87,21.05,86.15,0.6468646864686468,0.44541267,Odisha
G-88,21.05,86.65,0.49174917491749176,0.3441586,Odisha
G-89,21.05,87.15,0.29372937293729373,0.24805298,Odisha
G-90,21.05,87.65,0.0,0.16501667,Odisha
G-91,21.55,81.65,0.7755775577557755,0.38283825,Odisha
G-92,21.55,82.15,0.7194719471947195,0.4976897,Odisha
G-93,21.55,82.65,0.6666666666666666,0.62719464,Odisha
G-94,21.55,83.15,0.7128712871287128,0.62838274,Odisha
G-95,21.55,83.65,0.8118811881188119,0.5825742,Odisha
G-96,21.55,84.15,0.7887788778877888,0.56039596,Odisha
G-97,21.55,84.65,0.4389438943894389,0.54072607,Odisha
G-98,21.55,85.15,0.5346534653465347,0.5040265,Odisha
G-99,21.55,85.65,0.5478547854785478,0.47986802,Odisha
G-100,21.55,86.15,0.297029702970297,0.48330033,Odisha
G-101,21.55,86.65,0.47194719471947194,0.3945875,Odisha
G-102,21.55,87.15,0.429042904290429,0.2994059,Odisha
G-103,21.55,87.65,0.10891089108910891,0.20660058,Odisha
G-104,22.05,81.65,0.5016501650165016,0.32237622,Odisha
G-105,22.05,82.15,0.6831683168316832,0.42217818,Odisha
G-106,22.05,82.65,0.8877887788778878,0.5289768,Odisha
G-107,22.05,83.15,0.8085808580858086,0.5337293,Odisha
G-108,22.05,83.65,0.900990099009901,0.4980858,Odisha
G-109,22.05,84.15,0.7953795379537953,0.4715511,Odisha
G-110,22.05,84.65,0.594059405940594,0.44924095,Odisha
G-111,22.05,85.15,0.6237623762376238,0.41782197,Odisha
G-112,22.05,85.65,0.47194719471947194,0.39115533,Odisha
G-113,22.05,86.15,0.3564356435643564,0.39577568,Odisha
G-114,22.05,86.65,0.504950495049505,0.328845,Odisha
G-115,22.05,87.15,0.5742574257425742,0.25135314,Odisha
G-116,22.05,87.65,0.2145214521452145,0.1759735,Odisha
G-117,22.55,81.65,0.31353135313531355,0.2380198,Odisha
G-118,22.55,82.15,0.5346534653465347,0.3132673,Odisha
G-119,22.55,82.65,0.8679867986798679,0.3944554,Odisha
G-120,22.55,83.15,0.35973597359735976,0.4079207,Odisha
G-121,22.55,83.65,0.31683168316831684,0.38481843,Odisha
G-122,22.55,84.15,0.3432343234323432,0.34996688,Odisha
G-123,22.55,84.65,0.32673267326732675,0.33478546,Odisha
G-124,22.55,85.15,0.3927392739273927,0.30310234,Odisha
G-125,22.55,85.65,0.48184818481848185,0.28092423,Odisha
G-126,22.55,86.15,0.5841584158415841,0.2889769,Odisha
G-127,22.55,86.65,0.39603960396039606,0.25412545,Odisha
G-128,22.55,87.15,0.5577557755775577,0.19405937,Odisha
G-129,22.55,87.65,0.3564356435643564,0.14455436,Odisha
G-0,18.05,80.45,0.636963696369637,0.17729373,Chhattisgarh
G-1,18.05,80.95,0.528052805280528,0.2559736,Chhattisgarh
G-2,18.05,81.45,0.429042904290429,0.3368977,Chhattisgarh
G-3,18.05,81.95,0.6600660066006601,0.339934,Chhattisgarh
G-4,18.05,82.45,0.594059405940594,0.35656768,Chhattisgarh
G-5,18.05,82.95,0.5775577557755776,0.37042904,Chhattisgarh
G-6,18.05,83.45,0.48514851485148514,0.33016503,Chhattisgarh
G-7,18.05,83.95,0.31683168316831684,0.24924092,Chhattisgarh
G-8,18.05,84.45,0.0,0.17702968,Chhattisgarh
G-9,18.55,80.45,0.6105610561056105,0.23075907,Chhattisgarh
G-10,18.55,80.95,0.44554455445544555,0.32871285,Chhattisgarh
G-11,18.55,81.45,0.39933993399339934,0.43339932,Chhattisgarh
G-12,18.55,81.95,0.5313531353135313,0.44435638,Chhattisgarh
G-13,18.55,82.45,0.5874587458745875,0.46877885,Chhattisgarh
G-14,18.55,82.95,0.5412541254125413,0.49267328,Chhattisgarh
G-15,18.55,83.45,0.6963696369636964,0.45267326,Chhattisgarh
G-16,18.55,83.95,0.6204620462046204,0.3479868,Chhattisgarh
G-17,18.55,84.45,0.3432343234323432,0.24976899,Chhattisgarh
G-18,19.05,80.45,0.48184818481848185,0.28646865,Chhattisgarh
G-19,19.05,80.95,0.48184818481848185,0.40567657,Chhattisgarh
G-20,19.05,81.45,0.41914191419141916,0.53069305,Chhattisgarh
G-21,19.05,81.95,0.7755775577557755,0.5391419,Chhattisgarh
G-22,19.05,82.45,0.8415841584158416,0.5636963,Chhattisgarh
G-23,19.05,82.95,0.6864686468646864,0.5912871,Chhattisgarh
G-24,19.05,83.45,0.6897689768976898,0.5444224,Chhattisgarh
G-25,19.05,83.95,0.6567656765676567,0.4194059,Chhattisgarh
G-26,19.05,84.45,0.6171617161716172,0.30310225,Chhattisgarh
G-27,19.55,80.45,0.4521452145214521,0.27471948,Chhattisgarh
G-28,19.55,80.95,0.5115511551155115,0.38904288,Chhattisgarh
G-29,19.55,81.45,0.37293729372937295,0.5090429,Chhattisgarh
G-30,19.55,81.95,0.48184818481848185,0.5155116,Chhattisgarh
G-31,19.55,82.45,0.594059405940594,0.54349834,Chhattisgarh
G-32,19.55,82.95,0.6501650165016502,0.57900995,Chhattisgarh
G-33,19.55,83.45,0.7062706270627063,0.55009896,Chhattisgarh
G-34,19.55,83.95,0.6237623762376238,0.43009895,Chhattisgarh
G-35,19.55,84.45,0.4884488448844885,0.32475242,Chhattisgarh
G-36,20.05,80.45,0.5148514851485149,0.28884488,Chhattisgarh
G-37,20.05,80.95,0.5247524752475248,0.4130693,Chhattisgarh
G-38,20.05,81.45,0.35313531353135313,0.53214526,Chhattisgarh
G-39,20.05,81.95,0.5313531353135313,0.5487789,Chhattisgarh
G-40,20.05,82.45,0.5082508250825083,0.5672607,Chhattisgarh
G-41,20.05,82.95,0.4521452145214521,0.5891748,Chhattisgarh
G-42,20.05,83.45,0.528052805280528,0.5545874,Chhattisgarh
G-43,20.05,83.95,0.44554455445544555,0.43551147,Chhattisgarh
G-44,20.05,84.45,0.35973597359735976,0.32726067,Chhattisgarh
G-45,20.55,80.45,0.41254125412541254,0.29267326,Chhattisgarh
G-46,20.55,80.95,0.3927392739273927,0.41610557,Chhattisgarh
G-47,20.55,81.45,0.49504950495049505,0.52976894,Chhattisgarh
G-48,20.55,81.95,0.5379537953795379,0.55023104,Chhattisgarh
G-49,20.55,82.45,0.46864686468646866,0.5768977,Chhattisgarh
G-50,20.55,82.95,0.30363036303630364,0.5933994,Chhattisgarh
G-51,20.55,83.45,0.43564356435643564,0.56052816,Chhattisgarh
G-52,20.55,83.95,0.5808580858085809,0.4468648,Chhattisgarh
G-53,20.55,84.45,0.32673267326732675,0.33768985,Chhattisgarh
G-54,21.05,80.45,0.429042904290429,0.2863367,Chhattisgarh
G-55,21.05,80.95,0.594059405940594,0.41491753,Chhattisgarh
G-56,21.05,81.45,0.7854785478547854,0.5403301,Chhattisgarh
G-57,21.05,81.95,0.7788778877887789,0.57069314,Chhattisgarh
G-58,21.05,82.45,0.5643564356435643,0.6108252,Chhattisgarh
G-59,21.05,82.95,0.6138613861386139,0.63353133,Chhattisgarh
G-60,21.05,83.45,0.6072607260726073,0.5999999,Chhattisgarh
G-61,21.05,83.95,0.6666666666666666,0.47458735,Chhattisgarh
G-62,21.05,84.45,0.44884488448844884,0.35986787,Chhattisgarh
G-63,21.55,80.45,0.40924092409240925,0.26904288,Chhattisgarh
G-64,21.55,80.95,0.33993399339933994,0.3918152,Chhattisgarh
G-65,21.55,81.45,0.7293729372937293,0.5316172,Chhattisgarh
G-66,21.55,81.95,0.7557755775577558,0.5709572,Chhattisgarh
G-67,21.55,82.45,0.7062706270627063,0.61676586,Chhattisgarh
G-68,21.55,82.95,0.7095709570957096,0.6366999,Chhattisgarh
G-69,21.55,83.45,0.7524752475247525,0.60343254,Chhattisgarh
G-70,21.55,83.95,0.8316831683168316,0.46363053,Chhattisgarh
G-71,21.55,84.45,0.6402640264026402,0.34481856,Chhattisgarh
G-72,22.05,80.45,0.3432343234323432,0.24607262,Chhattisgarh
G-73,22.05,80.95,0.3465346534653465,0.35630363,Chhattisgarh
G-74,22.05,81.45,0.4884488448844885,0.49016502,Chhattisgarh
G-75,22.05,81.95,0.6105610561056105,0.5322773,Chhattisgarh
G-76,22.05,82.45,0.8877887788778878,0.58231026,Chhattisgarh
G-77,22.05,82.95,0.7887788778877888,0.60422444,Chhattisgarh
G-78,22.05,83.45,0.8778877887788779,0.57967013,Chhattisgarh
G-79,22.05,83.95,0.8943894389438944,0.4458087,Chhattisgarh
G-80,22.05,84.45,0.6006600660066007,0.32765687,Chhattisgarh
G-81,22.55,80.45,0.3927392739273927,0.21834987,Chhattisgarh
G-82,22.55,80.95,0.23432343234323433,0.3106271,Chhattisgarh
G-83,22.55,81.45,0.3333333333333333,0.43458748,Chhattisgarh
G-84,22.55,81.95,0.38613861386138615,0.46613857,Chhattisgarh
G-85,22.55,82.45,0.8679867986798679,0.51603967,Chhattisgarh
G-86,22.55,82.95,0.5544554455445545,0.54191434,Chhattisgarh
G-87,22.55,83.45,0.3795379537953795,0.528185,Chhattisgarh
G-88,22.55,83.95,0.3564356435643564,0.40422463,Chhattisgarh
G-89,22.55,84.45,0.22112211221122113,0.29755798,Chhattisgarh
G-90,23.05,80.45,0.32673267326732675,0.2146535,Chhattisgarh
G-91,23.05,80.95,0.2079207920792079,0.289637,Chhattisgarh
G-92,23.05,81.45,0.19141914191419143,0.420066,Chhattisgarh
G-93,23.05,81.95,0.22442244224422442,0.44950494,Chhattisgarh
G-94,23.05,82.45,0.3201320132013201,0.4751155,Chhattisgarh
G-95,23.05,82.95,0.2871287128712871,0.490957,Chhattisgarh
G-96,23.05,83.45,0.3564356435643564,0.47986785,Chhattisgarh
G-97,23.05,83.95,0.32673267326732675,0.34943885,Chhattisgarh
G-98,23.05,84.45,0.23102310231023102,0.24052796,Chhattisgarh
G-99,23.55,80.45,0.40594059405940597,0.16752476,Chhattisgarh
G-100,23.55,80.95,0.36303630363036304,0.21808578,Chhattisgarh
G-101,23.55,81.45,0.3465346534653465,0.31300324,Chhattisgarh
G-102,23.55,81.95,0.33003300330033003,0.32462043,Chhattisgarh
G-103,23.55,82.45,0.31683168316831684,0.3289769,Chhattisgarh
G-104,23.55,82.95,0.32673267326732675,0.3285809,Chhattisgarh
G-105,23.55,83.45,0.37293729372937295,0.31788787,Chhattisgarh
G-106,23.55,83.95,0.32673267326732675,0.22297043,Chhattisgarh
G-107,23.55,84.45,0.2706270627062706,0.14561066,Chhattisgarh
G-108,24.05,80.45,0.5181518151815182,0.12910897,Chhattisgarh
G-109,24.05,80.95,0.4521452145214521,0.1642244,Chhattisgarh
G-110,24.05,81.45,0.4158415841584158,0.22442238,Chhattisgarh
G-111,24.05,81.95,0.3234323432343234,0.22957088,Chhattisgarh
G-112,24.05,82.45,0.8679867986798679,0.22811867,Chhattisgarh
G-113,24.05,82.95,0.7656765676567657,0.22679847,Chhattisgarh
G-114,24.05,83.45,0.25742574257425743,0.22270614,Chhattisgarh
G-115,24.05,83.95,0.26732673267326734,0.16250816,Chhattisgarh
G-116,24.05,84.45,0.2739273927392739,0.10732666,Chhattisgarh
G-0,21.25,74.25,0.5478547854785478,0.14983499,Madhya Pradesh
G-1,21.25,74.75,0.40264026402640263,0.20924093,Madhya Pradesh
G-2,21.25,75.25,0.594059405940594,0.26851487,Madhya Pradesh
G-3,21.25,75.75,0.5544554455445545,0.26719472,Madhya Pradesh
G-4,21.25,76.25,0.44554455445544555,0.27379537,Madhya Pradesh
G-5,21.25,76.75,0.43564356435643564,0.25768974,Madhya Pradesh
G-6,21.25,77.25,0.2739273927392739,0.24778871,Madhya Pradesh
G-7,21.25,77.75,0.21782178217821782,0.23867981,Madhya Pradesh
G-8,21.25,78.25,0.34983498349834985,0.2553135,Madhya Pradesh
G-9,21.25,78.75,0.40594059405940597,0.26772273,Madhya Pradesh
G-10,21.25,79.25,0.759075907590759,0.27881187,Madhya Pradesh
G-11,21.25,79.75,0.4752475247524752,0.27181518,Madhya Pradesh
G-12,21.25,80.25,0.40924092409240925,0.28580856,Madhya Pradesh
G-13,21.25,80.75,0.48514851485148514,0.29069304,Madhya Pradesh
G-14,21.25,81.25,0.66996699669967,0.3248845,Madhya Pradesh
G-15,21.25,81.75,0.8151815181518152,0.36343232,Madhya Pradesh
G-16,21.25,82.25,0.6996699669966997,0.32092407,Madhya Pradesh
G-17,21.25,82.75,0.6336633663366337,0.25676566,Madhya Pradesh
G-18,21.75,74.25,0.5445544554455446,0.18957096,Madhya Pradesh
G-19,21.75,74.75,0.37293729372937295,0.26745877,Madhya Pradesh
G-20,21.75,75.25,0.264026402640264,0.3524753,Madhya Pradesh
G-21,21.75,75.75,0.29372937293729373,0.36316836,Madhya Pradesh
G-22,21.75,76.25,0.3696369636963696,0.38587463,Madhya Pradesh
G-23,21.75,76.75,0.42244224422442245,0.37716174,Madhya Pradesh
G-24,21.75,77.25,0.36633663366336633,0.36633664,Madhya Pradesh
G-25,21.75,77.75,0.40264026402640263,0.3552475,Madhya Pradesh
G-26,21.75,78.25,0.46204620462046203,0.37095708,Madhya Pradesh
G-27,21.75,78.75,0.42574257425742573,0.37914193,Madhya Pradesh
G-28,21.75,79.25,0.48514851485148514,0.3813861,Madhya Pradesh
G-29,21.75,79.75,0.3696369636963696,0.36514854,Madhya Pradesh
G-30,21.75,80.25,0.35313531353135313,0.36422446,Madhya Pradesh
G-31,21.75,80.75,0.3201320132013201,0.3544555,Madhya Pradesh
G-32,21.75,81.25,0.4521452145214521,0.37755775,Madhya Pradesh
G-33,21.75,81.75,0.6270627062706271,0.41438943,Madhya Pradesh
G-34,21.75,82.25,0.7128712871287128,0.3635643,Madhya Pradesh
G-35,21.75,82.75,0.6996699669966997,0.290561,Madhya Pradesh
G-36,22.25,74.25,0.3102310231023102,0.22759075,Madhya Pradesh
G-37,22.25,74.75,0.1782178217821782,0.32066005,Madhya Pradesh
G-38,22.25,75.25,0.5313531353135313,0.42019802,Madhya Pradesh
G-39,22.25,75.75,0.636963696369637,0.43168315,Madhya Pradesh
G-40,22.25,76.25,0.6666666666666666,0.46429044,Madhya Pradesh
G-41,22.25,76.75,0.5115511551155115,0.46627063,Madhya Pradesh
G-42,22.25,77.25,0.47854785478547857,0.4631023,Madhya Pradesh
G-43,22.25,77.75,0.36633663366336633,0.4632343,Madhya Pradesh
G-44,22.25,78.25,0.42574257425742573,0.49029702,Madhya Pradesh
G-45,22.25,78.75,0.42244224422442245,0.500066,Madhya Pradesh
G-46,22.25,79.25,0.5412541254125413,0.49491745,Madhya Pradesh
G-47,22.25,79.75,0.5841584158415841,0.46719468,Madhya Pradesh
G-48,22.25,80.25,0.5016501650165016,0.45214522,Madhya Pradesh
G-49,22.25,80.75,0.25742574257425743,0.42904297,Madhya Pradesh
G-50,22.25,81.25,0.48184818481848185,0.44369653,Madhya Pradesh
G-51,22.25,81.75,0.46534653465346537,0.47326753,Madhya Pradesh
G-52,22.25,82.25,0.8712871287128713,0.41108933,Madhya Pradesh
G-53,22.25,82.75,0.8943894389438944,0.32646883,Madhya Pradesh
G-54,22.75,74.25,0.3234323432343234,0.21254128,Madhya Pradesh
G-55,22.75,74.75,0.24092409240924093,0.29768977,Madhya Pradesh
G-56,22.75,75.25,0.429042904290429,0.39089108,Madhya Pradesh
G-57,22.75,75.75,0.46204620462046203,0.3989439,Madhya Pradesh
G-58,22.75,76.25,0.6435643564356436,0.43960395,Madhya Pradesh
G-59,22.75,76.75,0.6237623762376238,0.4603301,Madhya Pradesh
G-60,22.75,77.25,0.6435643564356436,0.469571,Madhya Pradesh
G-61,22.75,77.75,0.6138613861386139,0.47709575,Madhya Pradesh
G-62,22.75,78.25,0.4389438943894389,0.49993393,Madhya Pradesh
G-63,22.75,78.75,0.594059405940594,0.50508255,Madhya Pradesh
G-64,22.75,79.25,0.6006600660066007,0.49584168,Madhya Pradesh
G-65,22.75,79.75,0.5379537953795379,0.46231037,Madhya Pradesh
G-66,22.75,80.25,0.3927392739273927,0.43458748,Madhya Pradesh
G-67,22.75,80.75,0.2079207920792079,0.40607265,Madhya Pradesh
G-68,22.75,81.25,0.22112211221122113,0.40079215,Madhya Pradesh
G-69,22.75,81.75,0.23432343234323433,0.41557762,Madhya Pradesh
G-70,22.75,82.25,0.2607260726072607,0.35471958,Madhya Pradesh
G-71,22.75,82.75,0.34983498349834985,0.28171632,Madhya Pradesh
G-72,23.25,74.25,0.2871287128712871,0.21557754,Madhya Pradesh
G-73,23.25,74.75,0.3102310231023102,0.2950495,Madhya Pradesh
G-74,23.25,75.25,0.35313531353135313,0.37742576,Madhya Pradesh
G-75,23.25,75.75,0.3795379537953795,0.37927392,Madhya Pradesh
G-76,23.25,76.25,0.36303630363036304,0.4233663,Madhya Pradesh
G-77,23.25,76.75,0.3069306930693069,0.44382843,Madhya Pradesh
G-78,23.25,77.25,0.5577557755775577,0.4561056,Madhya Pradesh
G-79,23.25,77.75,0.6204620462046204,0.47485146,Madhya Pradesh
G-80,23.25,78.25,0.570957095709571,0.509043,Madhya Pradesh
G-81,23.25,78.75,0.6435643564356436,0.51141906,Madhya Pradesh
G-82,23.25,79.25,0.5907590759075908,0.50534654,Madhya Pradesh
G-83,23.25,79.75,0.5973597359735974,0.48224434,Madhya Pradesh
G-84,23.25,80.25,0.43564356435643564,0.45518163,Madhya Pradesh
G-85,23.25,80.75,0.2838283828382838,0.41042912,Madhya Pradesh
G-86,23.25,81.25,0.29042904290429045,0.39630383,Madhya Pradesh
G-87,23.25,81.75,0.25742574257425743,0.41610566,Madhya Pradesh
G-88,23.25,82.25,0.38613861386138615,0.34745872,Madhya Pradesh
G-89,23.25,82.75,0.25412541254125415,0.27339926,Madhya Pradesh
G-90,23.75,74.25,0.43564356435643564,0.209901,Madhya Pradesh
G-91,23.75,74.75,0.44224422442244227,0.27036303,Madhya Pradesh
G-92,23.75,75.25,0.29042904290429045,0.33557755,Madhya Pradesh
G-93,23.75,75.75,0.3564356435643564,0.33399338,Madhya Pradesh
G-94,23.75,76.25,0.2871287128712871,0.3691089,Madhya Pradesh
G-95,23.75,76.75,0.2376237623762376,0.39735973,Madhya Pradesh
G-96,23.75,77.25,0.5148514851485149,0.42376244,Madhya Pradesh
G-97,23.75,77.75,0.38283828382838286,0.45346543,Madhya Pradesh
G-98,23.75,78.25,0.46204620462046203,0.48844886,Madhya Pradesh
G-99,23.75,78.75,0.43234323432343236,0.48382846,Madhya Pradesh
G-100,23.75,79.25,0.45544554455445546,0.47577554,Madhya Pradesh
G-101,23.75,79.75,0.6006600660066007,0.46415833,Madhya Pradesh
G-102,23.75,80.25,0.47194719471947194,0.43907577,Madhya Pradesh
G-103,23.75,80.75,0.4521452145214521,0.39221123,Madhya Pradesh
G-104,23.75,81.25,0.3795379537953795,0.3572277,Madhya Pradesh
G-105,23.75,81.75,0.37623762376237624,0.3537954,Madhya Pradesh
G-106,23.75,82.25,0.32673267326732675,0.27854788,Madhya Pradesh
G-107,23.75,82.75,0.32673267326732675,0.20871292,Madhya Pradesh
G-108,24.25,74.25,0.528052805280528,0.18402642,Madhya Pradesh
G-109,24.25,74.75,0.504950495049505,0.23867984,Madhya Pradesh
G-110,24.25,75.25,0.22442244224422442,0.29280525,Madhya Pradesh
G-111,24.25,75.75,0.15181518151815182,0.29188114,Madhya Pradesh
G-112,24.25,76.25,0.09900990099009901,0.32105607,Madhya Pradesh
G-113,24.25,76.75,0.2508250825082508,0.3475907,Madhya Pradesh
G-114,24.25,77.25,0.5841584158415841,0.37188122,Madhya Pradesh
G-115,24.25,77.75,0.3564356435643564,0.39828393,Madhya Pradesh
G-116,24.25,78.25,0.39603960396039606,0.42627072,Madhya Pradesh
G-117,24.25,78.75,0.43564356435643564,0.4192739,Madhya Pradesh
G-118,24.25,79.25,0.5973597359735974,0.41425744,Madhya Pradesh
G-119,24.25,79.75,0.5181518151815182,0.41069305,Madhya Pradesh
G-120,24.25,80.25,0.38613861386138615,0.4014521,Madhya Pradesh
G-121,24.25,80.75,0.5148514851485149,0.3710891,Madhya Pradesh
G-122,24.25,81.25,0.47854785478547857,0.35049522,Madhya Pradesh
G-123,24.25,81.75,0.3333333333333333,0.35287148,Madhya Pradesh
G-124,24.25,82.25,0.6402640264026402,0.27749193,Madhya Pradesh
G-125,24.25,82.75,0.858085808580858,0.20620476,Madhya Pradesh
G-126,24.75,74.25,0.20132013201320131,0.15300335,Madhya Pradesh
G-127,24.75,74.75,0.42574257425742573,0.2002641,Madhya Pradesh
G-128,24.75,75.25,0.2508250825082508,0.25016508,Madhya Pradesh
G-129,24.75,75.75,0.1617161716171617,0.26112217,Madhya Pradesh
G-130,24.75,76.25,0.2376237623762376,0.29161716,Madhya Pradesh
G-131,24.75,76.75,0.31683168316831684,0.31854784,Madhya Pradesh
G-132,24.75,77.25,0.5016501650165016,0.34508243,Madhya Pradesh
G-133,24.75,77.75,0.28052805280528054,0.3631682,Madhya Pradesh
G-134,24.75,78.25,0.30363036303630364,0.37610558,Madhya Pradesh
G-135,24.75,78.75,0.26732673267326734,0.3631683,Madhya Pradesh
G-136,24.75,79.25,0.36633663366336633,0.36079207,Madhya Pradesh
G-137,24.75,79.75,0.43234323432343236,0.36211228,Madhya Pradesh
G-138,24.75,80.25,0.36633663366336633,0.3640924,Madhya Pradesh
G-139,24.75,80.75,0.42244224422442245,0.34613845,Madhya Pradesh
G-140,24.75,81.25,0.37623762376237624,0.3345214,Madhya Pradesh
G-141,24.75,81.75,0.2376237623762376,0.3450824,Madhya Pradesh
G-142,24.75,82.25,0.19801980198019803,0.2699669,Madhya Pradesh
G-143,24.75,82.75,0.1782178217821782,0.2,Madhya Pradesh
G-144,25.25,74.25,0.09900990099009901,0.11735975,Madhya Pradesh
G-145,25.25,74.75,0.132013201320132,0.15247528,Madhya Pradesh
G-146,25.25,75.25,0.11551155115511551,0.1916832,Madhya Pradesh
G-147,25.25,75.75,0.31683168316831684,0.20620467,Madhya Pradesh
G-148,25.25,76.25,0.36633663366336633,0.23749176,Madhya Pradesh
G-149,25.25,76.75,0.4158415841584158,0.2649505,Madhya Pradesh
G-150,25.25,77.25,0.38613861386138615,0.29597366,Madhya Pradesh
G-151,25.25,77.75,0.25742574257425743,0.31762382,Madhya Pradesh
G-152,25.25,78.25,0.24092409240924093,0.33016503,Madhya Pradesh
G-153,25.25,78.75,0.23432343234323433,0.31999993,Madhya Pradesh
G-154,25.25,79.25,0.21782178217821782,0.31722754,Madhya Pradesh
G-155,25.25,79.75,0.22112211221122113,0.31920776,Madhya Pradesh
G-156,25.25,80.25,0.11221122112211221,0.32237616,Madhya Pradesh
G-157,25.25,80.75,0.21122112211221122,0.3102311,Madhya Pradesh
G-158,25.25,81.25,0.25742574257425743,0.3098352,Madhya Pradesh
G-159,25.25,81.75,0.264026402640264,0.32712907,Madhya Pradesh
G-160,25.25,82.25,0.30363036303630364,0.25901017,Madhya Pradesh
G-161,25.25,82.75,0.2145214521452145,0.19498368,Madhya Pradesh
G-162,25.75,74.25,0.04950495049504951,0.07141918,Madhya Pradesh
G-163,25.75,74.75,0.06930693069306931,0.10455448,Madhya Pradesh
G-164,25.75,75.25,0.056105610561056105,0.14191422,Madhya Pradesh
G-165,25.75,75.75,0.19471947194719472,0.17016502,Madhya Pradesh
G-166,25.75,76.25,0.25742574257425743,0.19801983,Madhya Pradesh
G-167,25.75,76.75,0.36633663366336633,0.21967,Madhya Pradesh
G-168,25.75,77.25,0.34983498349834985,0.24382848,Madhya Pradesh
G-169,25.75,77.75,0.3333333333333333,0.25834993,Madhya Pradesh
G-170,25.75,78.25,0.44224422442244227,0.2640265,Madhya Pradesh
G-171,25.75,78.75,0.33003300330033003,0.2603301,Madhya Pradesh
G-172,25.75,79.25,0.2739273927392739,0.2627063,Madhya Pradesh
G-173,25.75,79.75,0.24092409240924093,0.26046196,Madhya Pradesh
G-174,25.75,80.25,0.2145214521452145,0.2616501,Madhya Pradesh
G-175,25.75,80.75,0.27722772277227725,0.26481843,Madhya Pradesh
G-176,25.75,81.25,0.25742574257425743,0.26679856,Madhya Pradesh
G-177,25.75,81.75,0.2508250825082508,0.27234313,Madhya Pradesh
G-178,25.75,82.25,0.25412541254125415,0.2172937,Madhya Pradesh
G-179,25.75,82.75,0.2376237623762376,0.1642244,Madhya Pradesh
G-180,26.25,74.25,0.1848184818481848,0.036303636,Madhya Pradesh
G-181,26.25,74.75,0.039603960396039604,0.06297031,Madhya Pradesh
G-182,26.25,75.25,0.052805280528052806,0.09082512,Madhya Pradesh
G-183,26.25,75.75,0.052805280528052806,0.11445546,Madhya Pradesh
G-184,26.25,76.25,0.019801980198019802,0.13927399,Madhya Pradesh
G-185,26.25,76.75,0.07590759075907591,0.15973602,Madhya Pradesh
G-186,26.25,77.25,0.132013201320132,0.17821789,Madhya Pradesh
G-187,26.25,77.75,0.15841584158415842,0.19155113,Madhya Pradesh
G-188,26.25,78.25,0.2706270627062706,0.19524765,Madhya Pradesh
G-189,26.25,78.75,0.25412541254125415,0.19432342,Madhya Pradesh
G-190,26.25,79.25,0.2838283828382838,0.19326743,Madhya Pradesh
G-191,26.25,79.75,0.2871287128712871,0.18627076,Madhya Pradesh
G-192,26.25,80.25,0.2376237623762376,0.18310256,Madhya Pradesh
G-193,26.25,80.75,0.27722772277227725,0.19141921,Madhya Pradesh
G-194,26.25,81.25,0.23102310231023102,0.20277236,Madhya Pradesh
G-195,26.25,81.75,0.34983498349834985,0.21584152,Madhya Pradesh
G-196,26.25,82.25,0.29372937293729373,0.17768967,Madhya Pradesh
G-197,26.25,82.75,0.2607260726072607,0.1396698,Madhya Pradesh
G-198,26.75,74.25,0.006600660066006601,0.022442246,Madhya Pradesh
G-199,26.75,74.75,0.04950495049504951,0.03643566,Madhya Pradesh
G-200,26.75,75.25,0.052805280528052806,0.049636994,Madhya Pradesh
G-201,26.75,75.75,0.10231023102310231,0.060594052,Madhya Pradesh
G-202,26.75,76.25,0.052805280528052806,0.075247556,Madhya Pradesh
G-203,26.75,76.75,0.07260726072607261,0.09003303,Madhya Pradesh
G-204,26.75,77.25,0.0429042904290429,0.11155117,Madhya Pradesh
G-205,26.75,77.75,0.039603960396039604,0.13016495,Madhya Pradesh
G-206,26.75,78.25,0.17491749174917492,0.14178222,Madhya Pradesh
G-207,26.75,78.75,0.21122112211221122,0.1474588,Madhya Pradesh
G-208,26.75,79.25,0.24752475247524752,0.15221131,Madhya Pradesh
G-209,26.75,79.75,0.13861386138613863,0.14640266,Madhya Pradesh
G-210,26.75,80.25,0.19801980198019803,0.14231034,Madhya Pradesh
G-211,26.75,80.75,0.18811881188118812,0.14877884,Madhya Pradesh
G-212,26.75,81.25,0.20462046204620463,0.15683152,Madhya Pradesh
G-213,26.75,81.75,0.36633663366336633,0.16580841,Madhya Pradesh
G-214,26.75,82.25,0.3201320132013201,0.1361055,Madhya Pradesh
G-215,26.75,82.75,0.37623762376237624,0.108382724,Madhya Pradesh
G-0,15.85,72.85,0.0,0.14759076,Maharashtra
G-1,15.85,73.35,0.10231023102310231,0.23075908,Maharashtra
G-2,15.85,73.85,0.6831683168316832,0.2947855,Maharashtra
G-3,15.85,74.35,0.6864686468646864,0.3619802,Maharashtra
G-4,15.85,74.85,0.6006600660066007,0.36699674,Maharashtra
G-5,15.85,75.35,0.6336633663366337,0.3427063,Maharashtra
G-6,15.85,75.85,0.48184818481848185,0.33848187,Maharashtra
G-7,15.85,76.35,0.43564356435643564,0.34191418,Maharashtra
G-8,15.85,76.85,0.6600660066006601,0.34046203,Maharashtra
G-9,15.85,77.35,0.48184818481848185,0.35392737,Maharashtra
G-10,15.85,77.85,0.5808580858085809,0.3532673,Maharashtra
G-11,15.85,78.35,0.7128712871287128,0.3317492,Maharashtra
G-12,15.85,78.85,0.6765676567656765,0.33214524,Maharashtra
G-13,15.85,79.35,0.5511551155115512,0.33386138,Maharashtra
G-14,15.85,79.85,0.5643564356435643,0.32303628,Maharashtra
G-15,15.85,80.35,0.35313531353135313,0.2545214,Maharashtra
G-16,15.85,80.85,0.35313531353135313,0.19709565,Maharashtra
G-17,16.35,72.85,0.0,0.2120132,Maharashtra
G-18,16.35,73.35,0.6237623762376238,0.32026404,Maharashtra
G-19,16.35,73.85,0.858085808580858,0.40237626,Maharashtra
G-20,16.35,74.35,0.6897689768976898,0.48567662,Maharashtra
G-21,16.35,74.85,0.5115511551155115,0.48052806,Maharashtra
G-22,16.35,75.35,0.6600660066006601,0.4512211,Maharashtra
G-23,16.35,75.85,0.6105610561056105,0.44752473,Maharashtra
G-24,16.35,76.35,0.5808580858085809,0.45874587,Maharashtra
G-25,16.35,76.85,0.6501650165016502,0.4669307,Maharashtra
G-26,16.35,77.35,0.6732673267326733,0.48264027,Maharashtra
G-27,16.35,77.85,0.5841584158415841,0.47762382,Maharashtra
G-28,16.35,78.35,0.5676567656765676,0.4530694,Maharashtra
G-29,16.35,78.85,0.5841584158415841,0.4500331,Maharashtra
G-30,16.35,79.35,0.42244224422442245,0.45584175,Maharashtra
G-31,16.35,79.85,0.5115511551155115,0.4528054,Maharashtra
G-32,16.35,80.35,0.6402640264026402,0.3611882,Maharashtra
G-33,16.35,80.85,0.5874587458745875,0.2811882,Maharashtra
G-34,16.85,72.85,0.0,0.29003298,Maharashtra
G-35,16.85,73.35,0.6270627062706271,0.4233663,Maharashtra
G-36,16.85,73.85,0.7953795379537953,0.52990097,Maharashtra
G-37,16.85,74.35,0.7029702970297029,0.62825084,Maharashtra
G-38,16.85,74.85,0.4884488448844885,0.610561,Maharashtra
G-39,16.85,75.35,0.38613861386138615,0.5721452,Maharashtra
G-40,16.85,75.85,0.38613861386138615,0.5654125,Maharashtra
G-41,16.85,76.35,0.7128712871287128,0.5759736,Maharashtra
G-42,16.85,76.85,0.6633663366336634,0.58442247,Maharashtra
G-43,16.85,77.35,0.5313531353135313,0.6022442,Maharashtra
G-44,16.85,77.85,0.47854785478547857,0.5955115,Maharashtra
G-45,16.85,78.35,0.5346534653465347,0.5721452,Maharashtra
G-46,16.85,78.85,0.4521452145214521,0.57346535,Maharashtra
G-47,16.85,79.35,0.46204620462046203,0.5823102,Maharashtra
G-48,16.85,79.85,0.6204620462046204,0.5813861,Maharashtra
G-49,16.85,80.35,0.693069306930693,0.46864685,Maharashtra
G-50,16.85,80.85,0.6039603960396039,0.36541244,Maharashtra
G-51,17.350000000000005,72.85,0.006600660066006601,0.3523432,Maharashtra
G-52,17.350000000000005,73.35,0.7920792079207921,0.48739272,Maharashtra
G-53,17.350000000000005,73.85,0.8118811881188119,0.59590757,Maharashtra
G-54,17.350000000000005,74.35,0.6270627062706271,0.67062706,Maharashtra
G-55,17.350000000000005,74.85,0.4521452145214521,0.6216501,Maharashtra
G-56,17.350000000000005,75.35,0.40924092409240925,0.58099014,Maharashtra
G-57,17.350000000000005,75.85,0.5379537953795379,0.5640924,Maharashtra
G-58,17.350000000000005,76.35,0.6864686468646864,0.56990105,Maharashtra
G-59,17.350000000000005,76.85,0.6402640264026402,0.58257425,Maharashtra
G-60,17.350000000000005,77.35,0.6468646864686468,0.5973597,Maharashtra
G-61,17.350000000000005,77.85,0.6501650165016502,0.5834983,Maharashtra
G-62,17.350000000000005,78.35,0.594059405940594,0.56752473,Maharashtra
G-63,17.350000000000005,78.85,0.5775577557755776,0.5771616,Maharashtra
G-64,17.350000000000005,79.35,0.5643564356435643,0.59313536,Maharashtra
G-65,17.350000000000005,79.85,0.5610561056105611,0.5990761,Maharashtra
G-66,17.350000000000005,80.35,0.7524752475247525,0.49056122,Maharashtra
G-67,17.350000000000005,80.85,0.7887788778877888,0.38838303,Maharashtra
G-68,17.85000000000001,72.85,0.2508250825082508,0.38851488,Maharashtra
G-69,17.85000000000001,73.35,0.900990099009901,0.5260726,Maharashtra
G-70,17.85000000000001,73.85,0.7986798679867987,0.6344555,Maharashtra
G-71,17.85000000000001,74.35,0.6270627062706271,0.6712872,Maharashtra
G-72,17.85000000000001,74.85,0.6105610561056105,0.60369635,Maharashtra
G-73,17.85000000000001,75.35,0.6270627062706271,0.56448835,Maharashtra
G-74,17.85000000000001,75.85,0.5874587458745875,0.5366337,Maharashtra
G-75,17.85000000000001,76.35,0.570957095709571,0.5372937,Maharashtra
G-76,17.85000000000001,76.85,0.5511551155115512,0.5607922,Maharashtra
G-77,17.85000000000001,77.35,0.594059405940594,0.588779,Maharashtra
G-78,17.85000000000001,77.85,0.6336633663366337,0.5838945,Maharashtra
G-79,17.85000000000001,78.35,0.6402640264026402,0.5916832,Maharashtra
G-80,17.85000000000001,78.85,0.528052805280528,0.6170298,Maharashtra
G-81,17.85000000000001,79.35,0.5808580858085809,0.6275909,Maharashtra
G-82,17.85000000000001,79.85,0.7029702970297029,0.6220464,Maharashtra
G-83,17.85000000000001,80.35,0.7095709570957096,0.5065349,Maharashtra
G-84,17.85000000000001,80.85,0.693069306930693,0.3890431,Maharashtra
G-85,18.35000000000001,72.85,0.5973597359735974,0.4331353,Maharashtra
G-86,18.35000000000001,73.35,0.933993399339934,0.5633003,Maharashtra
G-87,18.35000000000001,73.85,0.8118811881188119,0.67841583,Maharashtra
G-88,18.35000000000001,74.35,0.7293729372937293,0.690297,Maharashtra
G-89,18.35000000000001,74.85,0.6501650165016502,0.6216502,Maharashtra
G-90,18.35000000000001,75.35,0.6402640264026402,0.5812542,Maharashtra
G-91,18.35000000000001,75.85,0.5313531353135313,0.5568318,Maharashtra
G-92,18.35000000000001,76.35,0.5082508250825083,0.55471957,Maharashtra
G-93,18.35000000000001,76.85,0.44884488448844884,0.5739936,Maharashtra
G-94,18.35000000000001,77.35,0.41254125412541254,0.5930032,Maharashtra
G-95,18.35000000000001,77.85,0.693069306930693,0.5941914,Maharashtra
G-96,18.35000000000001,78.35,0.6864686468646864,0.60726064,Maharashtra
G-97,18.35000000000001,78.85,0.570957095709571,0.62455446,Maharashtra
G-98,18.35000000000001,79.35,0.5247524752475248,0.62270606,Maharashtra
G-99,18.35000000000001,79.85,0.7029702970297029,0.60871285,Maharashtra
G-100,18.35000000000001,80.35,0.6435643564356436,0.4883169,Maharashtra
G-101,18.35000000000001,80.85,0.49834983498349833,0.36950502,Maharashtra
G-102,18.85000000000001,72.85,0.7095709570957096,0.4472607,Maharashtra
G-103,18.85000000000001,73.35,0.9042904290429042,0.5717491,Maharashtra
G-104,18.85000000000001,73.85,0.7722772277227723,0.6917491,Maharashtra
G-105,18.85000000000001,74.35,0.7524752475247525,0.68422437,Maharashtra
G-106,18.85000000000001,74.85,0.5082508250825083,0.609769,Maharashtra
G-107,18.85000000000001,75.35,0.42244224422442245,0.5638284,Maharashtra
G-108,18.85000000000001,75.85,0.42574257425742573,0.5317492,Maharashtra
G-109,18.85000000000001,76.35,0.5313531353135313,0.51696366,Maharashtra
G-110,18.85000000000001,76.85,0.4389438943894389,0.5255445,Maharashtra
G-111,18.85000000000001,77.35,0.5412541254125413,0.54970294,Maharashtra
G-112,18.85000000000001,77.85,0.6171617161716172,0.56633645,Maharashtra
G-113,18.85000000000001,78.35,0.7128712871287128,0.59656763,Maharashtra
G-114,18.85000000000001,78.85,0.759075907590759,0.61900985,Maharashtra
G-115,18.85000000000001,79.35,0.8052805280528053,0.6133332,Maharashtra
G-116,18.85000000000001,79.85,0.7722772277227723,0.5945873,Maharashtra
G-117,18.85000000000001,80.35,0.5379537953795379,0.47062698,Maharashtra
G-118,18.85000000000001,80.85,0.44554455445544555,0.3479866,Maharashtra
G-119,19.350000000000012,72.85,0.801980198019802,0.4209901,Maharashtra
G-120,19.350000000000012,73.35,0.9405940594059405,0.52752477,Maharashtra
G-121,19.350000000000012,73.85,0.7953795379537953,0.63511556,Maharashtra
G-122,19.350000000000012,74.35,0.5181518151815182,0.61623764,Maharashtra
G-123,19.350000000000012,74.85,0.6567656765676567,0.55049515,Maharashtra
G-124,19.350000000000012,75.35,0.5643564356435643,0.50825095,Maharashtra
G-125,19.350000000000012,75.85,0.6732673267326733,0.48435646,Maharashtra
G-126,19.350000000000012,76.35,0.6831683168316832,0.47353134,Maharashtra
G-127,19.350000000000012,76.85,0.5643564356435643,0.47907594,Maharashtra
G-128,19.350000000000012,77.35,0.6303630363036303,0.5036303,Maharashtra
G-129,19.350000000000012,77.85,0.5511551155115512,0.5288448,Maharashtra
G-130,19.350000000000012,78.35,0.5973597359735974,0.56065995,Maharashtra
G-131,19.350000000000012,78.85,0.5742574257425742,0.5836303,Maharashtra
G-132,19.350000000000012,79.35,0.49504950495049505,0.5778217,Maharashtra
G-133,19.350000000000012,79.85,0.5181518151815182,0.5564355,Maharashtra
G-134,19.350000000000012,80.35,0.45544554455445546,0.43207917,Maharashtra
G-135,19.350000000000012,80.85,0.45544554455445546,0.31762373,Maharashtra
G-136,19.850000000000016,72.85,0.5742574257425742,0.39669967,Maharashtra
G-137,19.850000000000016,73.35,0.735973597359736,0.48633668,Maharashtra
G-138,19.850000000000016,73.85,0.6534653465346535,0.5779538,Maharashtra
G-139,19.850000000000016,74.35,0.48514851485148514,0.55247533,Maharashtra
G-140,19.850000000000016,74.85,0.5742574257425742,0.49504966,Maharashtra
G-141,19.850000000000016,75.35,0.49174917491749176,0.4520134,Maharashtra
G-142,19.850000000000016,75.85,0.33663366336633666,0.4332675,Maharashtra
G-143,19.850000000000016,76.35,0.38943894389438943,0.42759094,Maharashtra
G-144,19.850000000000016,76.85,0.3069306930693069,0.42363054,Maharashtra
G-145,19.850000000000016,77.35,0.4521452145214521,0.4373597,Maharashtra
G-146,19.850000000000016,77.85,0.46534653465346537,0.46270615,Maharashtra
G-147,19.850000000000016,78.35,0.5214521452145214,0.5036304,Maharashtra
G-148,19.850000000000016,78.85,0.6666666666666666,0.52765685,Maharashtra
G-149,19.850000000000016,79.35,0.6600660066006601,0.53372926,Maharashtra
G-150,19.850000000000016,79.85,0.49504950495049505,0.52633667,Maharashtra
G-151,19.850000000000016,80.35,0.47194719471947194,0.4109572,Maharashtra
G-152,19.850000000000016,80.85,0.5973597359735974,0.29914185,Maharashtra
G-153,20.350000000000016,72.85,0.35313531353135313,0.37491745,Maharashtra
G-154,20.350000000000016,73.35,0.4389438943894389,0.45702964,Maharashtra
G-155,20.350000000000016,73.85,0.5016501650165016,0.5457426,Maharashtra
G-156,20.350000000000016,74.35,0.1782178217821782,0.52409244,Maharashtra
G-157,20.350000000000016,74.85,0.30033003300330036,0.48580864,Maharashtra
G-158,20.350000000000016,75.35,0.44554455445544555,0.44752488,Maharashtra
G-159,20.350000000000016,75.85,0.3432343234323432,0.43630365,Maharashtra
G-160,20.350000000000016,76.35,0.36633663366336633,0.42270637,Maharashtra
G-161,20.350000000000016,76.85,0.3069306930693069,0.39986792,Maharashtra
G-162,20.350000000000016,77.35,0.38283828382838286,0.3973596,Maharashtra
G-163,20.350000000000016,77.85,0.37623762376237624,0.42310226,Maharashtra
G-164,20.350000000000016,78.35,0.40594059405940597,0.46138626,Maharashtra
G-165,20.350000000000016,78.85,0.5379537953795379,0.48290434,Maharashtra
G-166,20.350000000000016,79.35,0.37623762376237624,0.497426,Maharashtra
G-167,20.350000000000016,79.85,0.504950495049505,0.5036305,Maharashtra
G-168,20.350000000000016,80.35,0.44884488448844884,0.3907591,Maharashtra
G-169,20.350000000000016,80.85,0.3927392739273927,0.28158417,Maharashtra
G-170,20.850000000000016,72.85,0.5148514851485149,0.34745875,Maharashtra
G-171,20.850000000000016,73.35,0.6171617161716172,0.42864692,Maharashtra
G-172,20.850000000000016,73.85,0.6039603960396039,0.49980208,Maharashtra
G-173,20.850000000000016,74.35,0.3069306930693069,0.46640283,Maharashtra
G-174,20.850000000000016,74.85,0.2508250825082508,0.43168318,Maharashtra
G-175,20.850000000000016,75.35,0.3927392739273927,0.39049503,Maharashtra
G-176,20.850000000000016,75.85,0.42244224422442245,0.3758416,Maharashtra
G-177,20.850000000000016,76.35,0.28052805280528054,0.36937287,Maharashtra
G-178,20.850000000000016,76.85,0.1551155115511551,0.35207915,Maharashtra
G-179,20.850000000000016,77.35,0.1419141914191419,0.3576239,Maharashtra
G-180,20.850000000000016,77.85,0.2079207920792079,0.3940596,Maharashtra
G-181,20.850000000000016,78.35,0.3069306930693069,0.43749177,Maharashtra
G-182,20.850000000000016,78.85,0.3465346534653465,0.46270615,Maharashtra
G-183,20.850000000000016,79.35,0.45874587458745875,0.47762376,Maharashtra
G-184,20.850000000000016,79.85,0.45874587458745875,0.4835643,Maharashtra
G-185,20.850000000000016,80.35,0.45544554455445546,0.37425736,Maharashtra
G-186,20.850000000000016,80.85,0.46864686468646866,0.26429045,Maharashtra
G-187,21.35000000000002,72.85,0.768976897689769,0.2689109,Maharashtra
G-188,21.35000000000002,73.35,0.49174917491749176,0.33069313,Maharashtra
G-189,21.35000000000002,73.85,0.5808580858085809,0.37887803,Maharashtra
G-190,21.35000000000002,74.35,0.5643564356435643,0.34877908,Maharashtra
G-191,21.35000000000002,74.85,0.43564356435643564,0.33003315,Maharashtra
G-192,21.35000000000002,75.35,0.5775577557755776,0.29940605,Maharashtra
G-193,21.35000000000002,75.85,0.49174917491749176,0.29188132,Maharashtra
G-194,21.35000000000002,76.35,0.45874587458745875,0.2902971,Maharashtra
G-195,21.35000000000002,76.85,0.4389438943894389,0.2740596,Maharashtra
G-196,21.35000000000002,77.35,0.2706270627062706,0.27221146,Maharashtra
G-197,21.35000000000002,77.85,0.30033003300330036,0.29755798,Maharashtra
G-198,21.35000000000002,78.35,0.37293729372937295,0.32686463,Maharashtra
G-199,21.35000000000002,78.85,0.6963696369636964,0.35036287,Maharashtra
G-200,21.35000000000002,79.35,0.7392739273927392,0.36501634,Maharashtra
G-201,21.35000000000002,79.85,0.4389438943894389,0.3679207,Maharashtra
G-202,21.35000000000002,80.35,0.43234323432343236,0.28528047,Maharashtra
G-203,21.35000000000002,80.85,0.44554455445544555,0.2017163,Maharashtra
G-204,21.850000000000023,72.85,0.8217821782178217,0.21716172,Maharashtra
G-205,21.850000000000023,73.35,0.5181518151815182,0.27181518,Maharashtra
G-206,21.850000000000023,73.85,0.5115511551155115,0.30798683,Maharashtra
G-207,21.850000000000023,74.35,0.49504950495049505,0.27419156,Maharashtra
G-208,21.850000000000023,74.85,0.21782178217821782,0.25927404,Maharashtra
G-209,21.850000000000023,75.35,0.29042904290429045,0.23405945,Maharashtra
G-210,21.850000000000023,75.85,0.33993399339933994,0.22138625,Maharashtra
G-211,21.850000000000023,76.35,0.32673267326732675,0.2165017,Maharashtra
G-212,21.850000000000023,76.85,0.45544554455445546,0.20303635,Maharashtra
G-213,21.850000000000023,77.35,0.3696369636963696,0.19868012,Maharashtra
G-214,21.850000000000023,77.85,0.4158415841584158,0.21716201,Maharashtra
G-215,21.850000000000023,78.35,0.46534653465346537,0.24369644,Maharashtra
G-216,21.850000000000023,78.85,0.48514851485148514,0.26231018,Maharashtra
G-217,21.850000000000023,79.35,0.5148514851485149,0.27405944,Maharashtra
G-218,21.850000000000023,79.85,0.34983498349834985,0.27749175,Maharashtra
G-219,21.850000000000023,80.35,0.33003300330033003,0.21636963,Maharashtra
G-220,21.850000000000023,80.85,0.31683168316831684,0.14785492,Maharashtra
G-0,12.85,77.05,0.6303630363036303,0.23841584,Andhra Pradesh / Telangana
G-1,12.85,77.55,0.7029702970297029,0.30838284,Andhra Pradesh / Telangana
G-2,12.85,78.05,0.6666666666666666,0.37821782,Andhra Pradesh / Telangana
G-3,12.85,78.55,0.5247524752475248,0.37663364,Andhra Pradesh / Telangana
G-4,12.85,79.05,0.5082508250825083,0.35168317,Andhra Pradesh / Telangana
G-5,12.85,79.55,0.5676567656765676,0.28567657,Andhra Pradesh / Telangana
G-6,12.85,80.05,0.5775577557755776,0.21570957,Andhra Pradesh / Telangana
G-7,12.85,80.55,0.026402640264026403,0.14587459,Andhra Pradesh / Telangana
G-8,12.85,81.05,0.0,0.07405941,Andhra Pradesh / Telangana
G-9,12.85,81.55,0.0,0.014521446,Andhra Pradesh / Telangana
G-10,12.85,82.05,0.0,0.0,Andhra Pradesh / Telangana
G-11,12.85,82.55,0.0,0.0,Andhra Pradesh / Telangana
G-12,12.85,83.05,0.0,0.0,Andhra Pradesh / Telangana
G-13,12.85,83.55,0.0,0.0,Andhra Pradesh / Telangana
G-14,12.85,84.05,0.0,0.0,Andhra Pradesh / Telangana
G-15,12.85,84.55,0.0,0.0,Andhra Pradesh / Telangana
G-16,13.35,77.05,0.6336633663366337,0.31353134,Andhra Pradesh / Telangana
G-17,13.35,77.55,0.7161716171617162,0.41042903,Andhra Pradesh / Telangana
G-18,13.35,78.05,0.6468646864686468,0.5061386,Andhra Pradesh / Telangana
G-19,13.35,78.55,0.5544554455445545,0.49993396,Andhra Pradesh / Telangana
G-20,13.35,79.05,0.5973597359735974,0.46442246,Andhra Pradesh / Telangana
G-21,13.35,79.55,0.6963696369636964,0.36990106,Andhra Pradesh / Telangana
G-22,13.35,80.05,0.6270627062706271,0.27300334,Andhra Pradesh / Telangana
G-23,13.35,80.55,0.32673267326732675,0.17729378,Andhra Pradesh / Telangana
G-24,13.35,81.05,0.0,0.089901045,Andhra Pradesh / Telangana
G-25,13.35,81.55,0.0,0.014521484,Andhra Pradesh / Telangana
G-26,13.35,82.05,0.0,0.0,Andhra Pradesh / Telangana
G-27,13.35,82.55,0.0,0.0,Andhra Pradesh / Telangana
G-28,13.35,83.05,0.0,0.0,Andhra Pradesh / Telangana
G-29,13.35,83.55,0.0,0.0,Andhra Pradesh / Telangana
G-30,13.35,84.05,0.0,0.0,Andhra Pradesh / Telangana
G-31,13.35,84.55,0.0,0.0,Andhra Pradesh / Telangana
G-32,13.85,77.05,0.570957095709571,0.38640267,Andhra Pradesh / Telangana
G-33,13.85,77.55,0.693069306930693,0.5107591,Andhra Pradesh / Telangana
G-34,13.85,78.05,0.6996699669966997,0.63036305,Andhra Pradesh / Telangana
G-35,13.85,78.55,0.66996699669967,0.6157096,Andhra Pradesh / Telangana
G-36,13.85,79.05,0.6402640264026402,0.56699675,Andhra Pradesh / Telangana
G-37,13.85,79.55,0.5313531353135313,0.4467327,Andhra Pradesh / Telangana
G-38,13.85,80.05,0.2838283828382838,0.32237628,Andhra Pradesh / Telangana
G-39,13.85,80.55,0.009900990099009901,0.20277233,Andhra Pradesh / Telangana
G-40,13.85,81.05,0.0,0.10033005,Andhra Pradesh / Telangana
G-41,13.85,81.55,0.0,0.014521484,Andhra Pradesh / Telangana
G-42,13.85,82.05,0.0,0.0,Andhra Pradesh / Telangana
G-43,13.85,82.55,0.0,0.0,Andhra Pradesh / Telangana
G-44,13.85,83.05,0.0,0.0,Andhra Pradesh / Telangana
G-45,13.85,83.55,0.0,0.0,Andhra Pradesh / Telangana
G-46,13.85,84.05,0.0,0.0,Andhra Pradesh / Telangana
G-47,13.85,84.55,0.0,0.0,Andhra Pradesh / Telangana
G-48,14.35,77.05,0.504950495049505,0.37122113,Andhra Pradesh / Telangana
G-49,14.35,77.55,0.6600660066006601,0.50257427,Andhra Pradesh / Telangana
G-50,14.35,78.05,0.7128712871287128,0.62508255,Andhra Pradesh / Telangana
G-51,14.35,78.55,0.6732673267326733,0.6002641,Andhra Pradesh / Telangana
G-52,14.35,79.05,0.6468646864686468,0.5548514,Andhra Pradesh / Telangana
G-53,14.35,79.55,0.38943894389438943,0.4374918,Andhra Pradesh / Telangana
G-54,14.35,80.05,0.39603960396039606,0.30613863,Andhra Pradesh / Telangana
G-55,14.35,80.55,0.0,0.18363039,Andhra Pradesh / Telangana
G-56,14.35,81.05,0.0,0.089768976,Andhra Pradesh / Telangana
G-57,14.35,81.55,0.0,0.013465386,Andhra Pradesh / Telangana
G-58,14.35,82.05,0.0,0.0,Andhra Pradesh / Telangana
G-59,14.35,82.55,0.0,0.0,Andhra Pradesh / Telangana
G-60,14.35,83.05,0.0,0.0,Andhra Pradesh / Telangana
G-61,14.35,83.55,0.0,0.0,Andhra Pradesh / Telangana
G-62,14.35,84.05,0.0,0.0,Andhra Pradesh / Telangana
G-63,14.35,84.55,0.0,0.0,Andhra Pradesh / Telangana
G-64,14.85,77.05,0.5874587458745875,0.36052802,Andhra Pradesh / Telangana
G-65,14.85,77.55,0.5907590759075908,0.49874592,Andhra Pradesh / Telangana
G-66,14.85,78.05,0.6435643564356436,0.62297034,Andhra Pradesh / Telangana
G-67,14.85,78.55,0.6864686468646864,0.58983505,Andhra Pradesh / Telangana
G-68,14.85,79.05,0.5973597359735974,0.55075914,Andhra Pradesh / Telangana
G-69,14.85,79.55,0.37623762376237624,0.43168327,Andhra Pradesh / Telangana
G-70,14.85,80.05,0.2607260726072607,0.30547848,Andhra Pradesh / Telangana
G-71,14.85,80.55,0.0,0.18125404,Andhra Pradesh / Telangana
G-72,14.85,81.05,0.0,0.09518143,Andhra Pradesh / Telangana
G-73,14.85,81.55,0.0,0.021518096,Andhra Pradesh / Telangana
G-74,14.85,82.05,0.0,0.01201313,Andhra Pradesh / Telangana
G-75,14.85,82.55,0.0,-3.8146972e-08,Andhra Pradesh / Telangana
G-76,14.85,83.05,0.0,-3.8146972e-08,Andhra Pradesh / Telangana
G-77,14.85,83.55,0.0,-3.8146972e-08,Andhra Pradesh / Telangana
G-78,14.85,84.05,0.0,-3.8146972e-08,Andhra Pradesh / Telangana
G-79,14.85,84.55,0.0,-3.8146972e-08,Andhra Pradesh / Telangana
G-80,15.35,77.05,0.66996699669967,0.35656768,Andhra Pradesh / Telangana
G-81,15.35,77.55,0.38283828382838286,0.49438944,Andhra Pradesh / Telangana
G-82,15.35,78.05,0.5676567656765676,0.61346537,Andhra Pradesh / Telangana
G-83,15.35,78.55,0.6996699669966997,0.5743895,Andhra Pradesh / Telangana
G-84,15.35,79.05,0.5808580858085809,0.5481188,Andhra Pradesh / Telangana
G-85,15.35,79.55,0.35313531353135313,0.45993394,Andhra Pradesh / Telangana
G-86,15.35,80.05,0.33993399339933994,0.35511538,Andhra Pradesh / Telangana
G-87,15.35,80.55,0.0,0.24105595,Andhra Pradesh / Telangana
G-88,15.35,81.05,0.0,0.15828373,Andhra Pradesh / Telangana
G-89,15.35,81.55,0.0,0.07392734,Andhra Pradesh / Telangana
G-90,15.35,82.05,0.0,0.039471895,Andhra Pradesh / Telangana
G-91,15.35,82.55,0.0,0.0064686583,Andhra Pradesh / Telangana
G-92,15.35,83.05,0.0,0.0014521789,Andhra Pradesh / Telangana
G-93,15.35,83.55,0.0,0.0,Andhra Pradesh / Telangana
G-94,15.35,84.05,0.0,0.0,Andhra Pradesh / Telangana
G-95,15.35,84.55,0.0,0.0,Andhra Pradesh / Telangana
G-96,15.85,77.05,0.6468646864686468,0.3461386,Andhra Pradesh / Telangana
G-97,15.85,77.55,0.49174917491749176,0.4748515,Andhra Pradesh / Telangana
G-98,15.85,78.05,0.5907590759075908,0.58732677,Andhra Pradesh / Telangana
G-99,15.85,78.55,0.7260726072607261,0.5470627,Andhra Pradesh / Telangana
G-100,15.85,79.05,0.6402640264026402,0.539802,Andhra Pradesh / Telangana
G-101,15.85,79.55,0.5016501650165016,0.48409247,Andhra Pradesh / Telangana
G-102,15.85,80.05,0.5610561056105611,0.40765682,Andhra Pradesh / Telangana
G-103,15.85,80.55,0.22772277227722773,0.31366348,Andhra Pradesh / Telangana
G-104,15.85,81.05,0.30033003300330036,0.24184838,Andhra Pradesh / Telangana
G-105,15.85,81.55,0.0,0.1499672,Andhra Pradesh / Telangana
G-106,15.85,82.05,0.0,0.08976913,Andhra Pradesh / Telangana
G-107,15.85,82.55,0.0,0.037491914,Andhra Pradesh / Telangana
G-108,15.85,83.05,0.0,0.01901001,Andhra Pradesh / Telangana
G-109,15.85,83.55,0.0,0.0022442627,Andhra Pradesh / Telangana
G-110,15.85,84.05,0.0,0.0,Andhra Pradesh / Telangana
G-111,15.85,84.55,0.0,0.0,Andhra Pradesh / Telangana
G-112,16.35,77.05,0.6732673267326733,0.3524752,Andhra Pradesh / Telangana
G-113,16.35,77.55,0.6402640264026402,0.47551152,Andhra Pradesh / Telangana
G-114,16.35,78.05,0.5511551155115512,0.58798677,Andhra Pradesh / Telangana
G-115,16.35,78.55,0.6600660066006601,0.5493069,Andhra Pradesh / Telangana
G-116,16.35,79.05,0.5115511551155115,0.5549836,Andhra Pradesh / Telangana
G-117,16.35,79.55,0.48514851485148514,0.528845,Andhra Pradesh / Telangana
G-118,16.35,80.05,0.5511551155115512,0.48739284,Andhra Pradesh / Telangana
G-119,16.35,80.55,0.6336633663366337,0.41412547,Andhra Pradesh / Telangana
G-120,16.35,81.05,0.5247524752475248,0.35934007,Andhra Pradesh / Telangana
G-121,16.35,81.55,0.1254125412541254,0.26785478,Andhra Pradesh / Telangana
G-122,16.35,82.05,0.036303630363036306,0.19313538,Andhra Pradesh / Telangana
G-123,16.35,82.55,0.0,0.11155121,Andhra Pradesh / Telangana
G-124,16.35,83.05,0.0,0.07234329,Andhra Pradesh / Telangana
G-125,16.35,83.55,0.0,0.03511551,Andhra Pradesh / Telangana
G-126,16.35,84.05,0.0,0.016897736,Andhra Pradesh / Telangana
G-127,16.35,84.55,0.0,0.0,Andhra Pradesh / Telangana
G-128,16.85,77.05,0.6435643564356436,0.3638283,Andhra Pradesh / Telangana
G-129,16.85,77.55,0.429042904290429,0.4822442,Andhra Pradesh / Telangana
G-130,16.85,78.05,0.5445544554455446,0.5931353,Andhra Pradesh / Telangana
G-131,16.85,78.55,0.44554455445544555,0.5663365,Andhra Pradesh / Telangana
G-132,16.85,79.05,0.48184818481848185,0.5763695,Andhra Pradesh / Telangana
G-133,16.85,79.55,0.49834983498349833,0.57518137,Andhra Pradesh / Telangana
G-134,16.85,80.05,0.6402640264026402,0.5642243,Andhra Pradesh / Telangana
G-135,16.85,80.55,0.6435643564356436,0.51511544,Andhra Pradesh / Telangana
G-136,16.85,81.05,0.48184818481848185,0.47537956,Andhra Pradesh / Telangana
G-137,16.85,81.55,0.33663366336633666,0.39419144,Andhra Pradesh / Telangana
G-138,16.85,82.05,0.38283828382838286,0.32000014,Andhra Pradesh / Telangana
G-139,16.85,82.55,0.056105610561056105,0.22587463,Andhra Pradesh / Telangana
G-140,16.85,83.05,0.0,0.1640924,Andhra Pradesh / Telangana
G-141,16.85,83.55,0.0,0.10204621,Andhra Pradesh / Telangana
G-142,16.85,84.05,0.0,0.059537962,Andhra Pradesh / Telangana
G-143,16.85,84.55,0.0,0.013333282,Andhra Pradesh / Telangana
G-144,17.35,77.05,0.6336633663366337,0.36303627,Andhra Pradesh / Telangana
G-145,17.35,77.55,0.6567656765676567,0.47762376,Andhra Pradesh / Telangana
G-146,17.35,78.05,0.6897689768976898,0.5832343,Andhra Pradesh / Telangana
G-147,17.35,78.55,0.5445544554455446,0.57372934,Andhra Pradesh / Telangana
G-148,17.35,79.05,0.5973597359735974,0.58561057,Andhra Pradesh / Telangana
G-149,17.35,79.55,0.46204620462046203,0.5941915,Andhra Pradesh / Telangana
G-150,17.35,80.05,0.6501650165016502,0.5914193,Andhra Pradesh / Telangana
G-151,17.35,80.55,0.7854785478547854,0.5655447,Andhra Pradesh / Telangana
G-152,17.35,81.05,0.7326732673267327,0.54191446,Andhra Pradesh / Telangana
G-153,17.35,81.55,0.5181518151815182,0.4788121,Andhra Pradesh / Telangana
G-154,17.35,82.05,0.5115511551155115,0.41161713,Andhra Pradesh / Telangana
G-155,17.35,82.55,0.39933993399339934,0.338218,Andhra Pradesh / Telangana
G-156,17.35,83.05,0.42244224422442245,0.27854788,Andhra Pradesh / Telangana
G-157,17.35,83.55,0.0,0.19300316,Andhra Pradesh / Telangana
G-158,17.35,84.05,0.0,0.12739265,Andhra Pradesh / Telangana
G-159,17.35,84.55,0.0,0.05927391,Andhra Pradesh / Telangana
G-160,17.85,77.05,0.6171617161716172,0.35577554,Andhra Pradesh / Telangana
G-161,17.85,77.55,0.6237623762376238,0.4730033,Andhra Pradesh / Telangana
G-162,17.85,78.05,0.6633663366336634,0.5867987,Andhra Pradesh / Telangana
G-163,17.85,78.55,0.5841584158415841,0.59603965,Andhra Pradesh / Telangana
G-164,17.85,79.05,0.5412541254125413,0.6099011,Andhra Pradesh / Telangana
G-165,17.85,79.55,0.5973597359735974,0.6128054,Andhra Pradesh / Telangana
G-166,17.85,80.05,0.6897689768976898,0.6035645,Andhra Pradesh / Telangana
G-167,17.85,80.55,0.7194719471947195,0.5770299,Andhra Pradesh / Telangana
G-168,17.85,81.05,0.6468646864686468,0.57148516,Andhra Pradesh / Telangana
G-169,17.85,81.55,0.5643564356435643,0.5354454,Andhra Pradesh / Telangana
G-170,17.85,82.05,0.6204620462046204,0.49768952,Andhra Pradesh / Telangana
G-171,17.85,82.55,0.6072607260726073,0.4565013,Andhra Pradesh / Telangana
G-172,17.85,83.05,0.7326732673267327,0.41557723,Andhra Pradesh / Telangana
G-173,17.85,83.55,0.3333333333333333,0.32145202,Andhra Pradesh / Telangana
G-174,17.85,84.05,0.0,0.22957093,Andhra Pradesh / Telangana
G-175,17.85,84.55,0.0,0.13584167,Andhra Pradesh / Telangana
G-176,18.35,77.05,0.41914191419141916,0.36356437,Andhra Pradesh / Telangana
G-177,18.35,77.55,0.570957095709571,0.48726067,Andhra Pradesh / Telangana
G-178,18.35,78.05,0.7194719471947195,0.6035644,Andhra Pradesh / Telangana
G-179,18.35,78.55,0.6303630363036303,0.6145215,Andhra Pradesh / Telangana
G-180,18.35,79.05,0.5082508250825083,0.6129372,Andhra Pradesh / Telangana
G-181,18.35,79.55,0.7062706270627063,0.60594046,Andhra Pradesh / Telangana
G-182,18.35,80.05,0.6864686468646864,0.5887789,Andhra Pradesh / Telangana
G-183,18.35,80.55,0.6006600660066007,0.56264013,Andhra Pradesh / Telangana
G-184,18.35,81.05,0.40924092409240925,0.5717488,Andhra Pradesh / Telangana
G-185,18.35,81.55,0.44884488448844884,0.56673247,Andhra Pradesh / Telangana
G-186,18.35,82.05,0.6072607260726073,0.56620437,Andhra Pradesh / Telangana
G-187,18.35,82.55,0.5775577557755776,0.55379504,Andhra Pradesh / Telangana
G-188,18.35,83.05,0.5478547854785478,0.5341251,Andhra Pradesh / Telangana
G-189,18.35,83.55,0.6270627062706271,0.4471286,Andhra Pradesh / Telangana
G-190,18.35,84.05,0.5016501650165016,0.33082488,Andhra Pradesh / Telangana
G-191,18.35,84.55,0.019801980198019802,0.20937286,Andhra Pradesh / Telangana
G-192,18.85,77.05,0.5148514851485149,0.33742577,Andhra Pradesh / Telangana
G-193,18.85,77.55,0.570957095709571,0.46112213,Andhra Pradesh / Telangana
G-194,18.85,78.05,0.5973597359735974,0.5834983,Andhra Pradesh / Telangana
G-195,18.85,78.55,0.7260726072607261,0.60818475,Andhra Pradesh / Telangana
G-196,18.85,79.05,0.7161716171617162,0.6055444,Andhra Pradesh / Telangana
G-197,18.85,79.55,0.7953795379537953,0.59828377,Andhra Pradesh / Telangana
G-198,18.85,80.05,0.5313531353135313,0.57174927,Andhra Pradesh / Telangana
G-199,18.85,80.55,0.5379537953795379,0.52976906,Andhra Pradesh / Telangana
G-200,18.85,81.05,0.429042904290429,0.5374258,Andhra Pradesh / Telangana
G-201,18.85,81.55,0.31353135313531355,0.5452147,Andhra Pradesh / Telangana
G-202,18.85,82.05,0.7986798679867987,0.5586798,Andhra Pradesh / Telangana
G-203,18.85,82.55,0.6567656765676567,0.58019775,Andhra Pradesh / Telangana
G-204,18.85,83.05,0.6402640264026402,0.5914189,Andhra Pradesh / Telangana
G-205,18.85,83.55,0.7095709570957096,0.51801956,Andhra Pradesh / Telangana
G-206,18.85,84.05,0.6567656765676567,0.3970955,Andhra Pradesh / Telangana
G-207,18.85,84.55,0.5478547854785478,0.270759,Andhra Pradesh / Telangana
G-208,19.35,77.05,0.6072607260726073,0.2612542,Andhra Pradesh / Telangana
G-209,19.35,77.55,0.6501650165016502,0.36158416,Andhra Pradesh / Telangana
G-210,19.35,78.05,0.5544554455445545,0.4623102,Andhra Pradesh / Telangana
G-211,19.35,78.55,0.6072607260726073,0.48778886,Andhra Pradesh / Telangana
G-212,19.35,79.05,0.5445544554455446,0.4825083,Andhra Pradesh / Telangana
G-213,19.35,79.55,0.504950495049505,0.47300348,Andhra Pradesh / Telangana
G-214,19.35,80.05,0.4752475247524752,0.44396073,Andhra Pradesh / Telangana
G-215,19.35,80.55,0.40594059405940597,0.40105638,Andhra Pradesh / Telangana
G-216,19.35,81.05,0.44554455445544555,0.407789,Andhra Pradesh / Telangana
G-217,19.35,81.55,0.40924092409240925,0.41887802,Andhra Pradesh / Telangana
G-218,19.35,82.05,0.7557755775577558,0.43181503,Andhra Pradesh / Telangana
G-219,19.35,82.55,0.6666666666666666,0.4658743,Andhra Pradesh / Telangana
G-220,19.35,83.05,0.693069306930693,0.4996698,Andhra Pradesh / Telangana
G-221,19.35,83.55,0.6831683168316832,0.45108888,Andhra Pradesh / Telangana
G-222,19.35,84.05,0.6039603960396039,0.35445526,Andhra Pradesh / Telangana
G-223,19.35,84.55,0.5511551155115512,0.2574257,Andhra Pradesh / Telangana
G-224,19.85,77.05,0.3795379537953795,0.19287132,Andhra Pradesh / Telangana
G-225,19.85,77.55,0.47854785478547857,0.26798674,Andhra Pradesh / Telangana
G-226,19.85,78.05,0.46864686468646866,0.3483827,Andhra Pradesh / Telangana
G-227,19.85,78.55,0.5445544554455446,0.36237618,Andhra Pradesh / Telangana
G-228,19.85,79.05,0.7491749174917491,0.35247514,Andhra Pradesh / Telangana
G-229,19.85,79.55,0.5511551155115512,0.3477227,Andhra Pradesh / Telangana
G-230,19.85,80.05,0.44554455445544555,0.32752487,Andhra Pradesh / Telangana
G-231,19.85,80.55,0.5577557755775577,0.28699675,Andhra Pradesh / Telangana
G-232,19.85,81.05,0.49834983498349833,0.29768983,Andhra Pradesh / Telangana
G-233,19.85,81.55,0.2739273927392739,0.3131354,Andhra Pradesh / Telangana
G-234,19.85,82.05,0.5643564356435643,0.3281848,Andhra Pradesh / Telangana
G-235,19.85,82.55,0.5148514851485149,0.35353103,Andhra Pradesh / Telangana
G-236,19.85,83.05,0.5445544554455446,0.3852144,Andhra Pradesh / Telangana
G-237,19.85,83.55,0.6138613861386139,0.36013198,Andhra Pradesh / Telangana
G-238,19.85,84.05,0.528052805280528,0.28660065,Andhra Pradesh / Telangana
G-239,19.85,84.55,0.3927392739273927,0.21148513,Andhra Pradesh / Telangana
G-0,24.35,89.95,0.06930693069306931,0.048580855,Assam
G-1,24.35,90.45,0.0627062706270627,0.08264027,Assam
G-2,24.35,90.95,0.039603960396039604,0.12726073,Assam
G-3,24.35,91.45,0.19141914191419143,0.17174917,Assam
G-4,24.35,91.95,0.31353135313531355,0.21425742,Assam
G-5,24.35,92.45,0.43234323432343236,0.25227723,Assam
G-6,24.35,92.95,0.42574257425742573,0.2949175,Assam
G-7,24.35,93.45,0.5775577557755776,0.32132012,Assam
G-8,24.35,93.95,0.6831683168316832,0.33122116,Assam
G-9,24.35,94.45,0.5676567656765676,0.32211223,Assam
G-10,24.35,94.95,0.5214521452145214,0.30574262,Assam
G-11,24.35,95.45,0.41914191419141916,0.22904293,Assam
G-12,24.35,95.95,0.43234323432343236,0.15801983,Assam
G-13,24.85,89.95,0.036303630363036306,0.087656766,Assam
G-14,24.85,90.45,0.019801980198019802,0.14310232,Assam
G-15,24.85,90.95,0.033003300330033,0.21056107,Assam
G-16,24.85,91.45,0.09900990099009901,0.27141914,Assam
G-17,24.85,91.95,0.25742574257425743,0.32237625,Assam
G-18,24.85,92.45,0.3201320132013201,0.36462045,Assam
G-19,24.85,92.95,0.38943894389438943,0.41095707,Assam
G-20,24.85,93.45,0.47854785478547857,0.43577552,Assam
G-21,24.85,93.95,0.6435643564356436,0.4364356,Assam
G-22,24.85,94.45,0.6105610561056105,0.4190098,Assam
G-23,24.85,94.95,0.5016501650165016,0.3918151,Assam
G-24,24.85,95.45,0.45874587458745875,0.29003295,Assam
G-25,24.85,95.95,0.39603960396039606,0.19775574,Assam
G-26,25.35,89.95,0.16501650165016502,0.11617162,Assam
G-27,25.35,90.45,0.2607260726072607,0.18046206,Assam
G-28,25.35,90.95,0.528052805280528,0.2648185,Assam
G-29,25.35,91.45,0.5610561056105611,0.3367657,Assam
G-30,25.35,91.95,0.5445544554455446,0.40158418,Assam
G-31,25.35,92.45,0.6303630363036303,0.45438945,Assam
G-32,25.35,92.95,0.5907590759075908,0.5143234,Assam
G-33,25.35,93.45,0.49504950495049505,0.54178214,Assam
G-34,25.35,93.95,0.5907590759075908,0.5375577,Assam
G-35,25.35,94.45,0.5973597359735974,0.51221114,Assam
G-36,25.35,94.95,0.6072607260726073,0.47194716,Assam
G-37,25.35,95.45,0.30033003300330036,0.34772277,Assam
G-38,25.35,95.95,0.31353135313531355,0.2359076,Assam
G-39,25.85,89.95,0.21122112211221122,0.14693068,Assam
G-40,25.85,90.45,0.3234323432343234,0.21425743,Assam
G-41,25.85,90.95,0.44224422442244227,0.29663366,Assam
G-42,25.85,91.45,0.5346534653465347,0.35801983,Assam
G-43,25.85,91.95,0.570957095709571,0.40858087,Assam
G-44,25.85,92.45,0.6204620462046204,0.44026405,Assam
G-45,25.85,92.95,0.5346534653465347,0.4827723,Assam
G-46,25.85,93.45,0.5478547854785478,0.5067987,Assam
G-47,25.85,93.95,0.6270627062706271,0.50495046,Assam
G-48,25.85,94.45,0.5313531353135313,0.4830363,Assam
G-49,25.85,94.95,0.38943894389438943,0.4378878,Assam
G-50,25.85,95.45,0.32673267326732675,0.32805282,Assam
G-51,25.85,95.95,0.27722772277227725,0.2216502,Assam
G-52,26.35,89.95,0.23432343234323433,0.15683168,Assam
G-53,26.35,90.45,0.2376237623762376,0.22877888,Assam
G-54,26.35,90.95,0.24092409240924093,0.31102312,Assam
G-55,26.35,91.45,0.22112211221122113,0.36778876,Assam
G-56,26.35,91.95,0.42244224422442245,0.4085809,Assam
G-57,26.35,92.45,0.5115511551155115,0.4281188,Assam
G-58,26.35,92.95,0.5841584158415841,0.4520132,Assam
G-59,26.35,93.45,0.504950495049505,0.46019804,Assam
G-60,26.35,93.95,0.5610561056105611,0.449637,Assam
G-61,26.35,94.45,0.4884488448844885,0.4355116,Assam
G-62,26.35,94.95,0.38943894389438943,0.39260733,Assam
G-63,26.35,95.45,0.38613861386138615,0.29676574,Assam
G-64,26.35,95.95,0.1782178217821782,0.2063367,Assam
G-65,26.85,89.95,0.22112211221122113,0.12409241,Assam
G-66,26.85,90.45,0.31683168316831684,0.17491749,Assam
G-67,26.85,90.95,0.40264026402640263,0.23656763,Assam
G-68,26.85,91.45,0.26732673267326734,0.27194715,Assam
G-69,26.85,91.95,0.264026402640264,0.29993397,Assam
G-70,26.85,92.45,0.3201320132013201,0.32435638,Assam
G-71,26.85,92.95,0.3234323432343234,0.3514191,Assam
G-72,26.85,93.45,0.41254125412541254,0.36158416,Assam
G-73,26.85,93.95,0.3234323432343234,0.360792,Assam
G-74,26.85,94.45,0.43234323432343236,0.36937293,Assam
G-75,26.85,94.95,0.46864686468646866,0.33676574,Assam
G-76,26.85,95.45,0.40264026402640263,0.25887793,Assam
G-77,26.85,95.95,0.14521452145214522,0.18706276,Assam
G-78,27.35,89.95,0.18151815181518152,0.0850165,Assam
G-79,27.35,90.45,0.07590759075907591,0.11458747,Assam
G-80,27.35,90.95,0.07920792079207921,0.15405941,Assam
G-81,27.35,91.45,0.2145214521452145,0.17320134,Assam
G-82,27.35,91.95,0.25412541254125415,0.19273928,Assam
G-83,27.35,92.45,0.34983498349834985,0.21359739,Assam
G-84,27.35,92.95,0.20132013201320131,0.23960395,Assam
G-85,27.35,93.45,0.22112211221122113,0.2547855,Assam
G-86,27.35,93.95,0.29372937293729373,0.2690429,Assam
G-87,27.35,94.45,0.21122112211221122,0.29610562,Assam
G-88,27.35,94.95,0.31353135313531355,0.28013206,Assam
G-89,27.35,95.45,0.46534653465346537,0.22455452,Assam
G-90,27.35,95.95,0.19471947194719472,0.16990104,Assam
G-91,27.85,89.95,0.06930693069306931,0.056501646,Assam
G-92,27.85,90.45,0.033003300330033,0.07722773,Assam
G-93,27.85,90.95,0.033003300330033,0.09980198,Assam
G-94,27.85,91.45,0.033003300330033,0.10785478,Assam
G-95,27.85,91.95,0.0297029702970297,0.11353134,Assam
G-96,27.85,92.45,0.0,0.1238284,Assam
G-97,27.85,92.95,0.0429042904290429,0.13623762,Assam
G-98,27.85,93.45,0.12211221122112212,0.14877887,Assam
G-99,27.85,93.95,0.1419141914191419,0.1679208,Assam
G-100,27.85,94.45,0.132013201320132,0.20290428,Assam
G-101,27.85,94.95,0.22112211221122113,0.2,Assam
G-102,27.85,95.45,0.3201320132013201,0.1668647,Assam
G-103,27.85,95.95,0.19801980198019803,0.1317492,Assam
G-104,28.35,89.95,0.0,0.018877888,Assam
G-105,28.35,90.45,0.0,0.028910903,Assam
G-106,28.35,90.95,0.0,0.04092411,Assam
G-107,28.35,91.45,0.0033003300330033004,0.04501651,Assam
G-108,28.35,91.95,0.0165016501650165,0.050429057,Assam
G-109,28.35,92.45,0.0033003300330033004,0.06033003,Assam
G-110,28.35,92.95,0.0,0.070494995,Assam
G-111,28.35,93.45,0.0165016501650165,0.076303594,Assam
G-112,28.35,93.95,0.06930693069306931,0.08950493,Assam
G-113,28.35,94.45,0.10231023102310231,0.12132004,Assam
G-114,28.35,94.95,0.1485148514851485,0.12910889,Assam
G-115,28.35,95.45,0.25412541254125415,0.1089109,Assam
G-116,28.35,95.95,0.1617161716171617,0.0910891,Assam
